SalePrice,OverallQual,GrLivArea,GarageCars,TotalBsmtSF,FullBath,YearBuilt,YearRemodAdd,MasVnrArea,Fireplaces,BsmtFinSF1,Foundation,LotFrontage,WoodDeckSF,2ndFlrSF,OpenPorchSF
208500,7,1710,2,856,2,2003,2003,196.0,0,706,2.0,65.0,0,854,61
181500,6,1262,2,1262,2,1976,1976,0.0,1,978,1.0,80.0,298,0,0
223500,7,1786,2,920,2,2001,2002,162.0,1,486,2.0,68.0,0,866,42
140000,7,1717,3,756,1,1915,1970,0.0,1,216,0.0,60.0,0,756,35
250000,8,2198,3,1145,2,2000,2000,350.0,1,655,2.0,84.0,192,1053,84
143000,5,1362,2,796,1,1993,1995,0.0,0,732,5.0,85.0,40,566,30
307000,8,1694,2,1686,2,2004,2005,186.0,1,1369,2.0,75.0,255,0,57
129900,7,1774,2,952,2,1931,1950,0.0,2,0,0.0,51.0,90,752,0
118000,5,1077,1,991,1,1939,1950,0.0,2,851,0.0,50.0,0,0,4
129500,5,1040,1,1040,1,1965,1965,0.0,0,906,1.0,70.0,0,0,0
345000,9,2324,3,1175,3,2005,2006,286.0,2,998,2.0,85.0,147,1142,21
279500,7,1494,3,1494,2,2006,2007,306.0,1,0,2.0,91.0,160,0,33
132000,7,854,2,832,1,1929,2001,0.0,0,0,0.0,51.0,48,0,112
90000,4,1296,2,0,2,1967,1967,0.0,0,0,3.0,72.0,0,0,0
159000,5,1114,2,1114,1,2004,2004,0.0,0,646,2.0,66.0,0,0,102
139000,5,1339,1,1029,1,1958,1965,0.0,0,504,1.0,70.0,0,0,0
325300,8,2376,3,1158,3,2005,2006,380.0,1,0,2.0,101.0,240,1218,154
139400,7,1108,1,637,1,1930,1950,0.0,1,0,2.0,57.0,0,0,0
230000,8,1795,2,1777,2,2002,2002,281.0,1,0,2.0,75.0,171,0,159
129900,5,1060,2,1040,1,1976,1976,0.0,1,840,2.0,44.0,100,0,110
256300,8,1600,3,1566,2,2007,2007,640.0,1,0,2.0,110.0,0,0,56
134800,5,900,2,900,1,1951,2000,0.0,0,234,1.0,60.0,222,0,32
306000,8,1704,3,1704,2,2007,2008,200.0,1,1218,2.0,98.0,0,0,50
207500,5,1600,1,1484,1,1957,1997,0.0,2,1277,1.0,47.0,288,0,258
68500,4,520,1,520,1,1927,1950,0.0,0,0,0.0,60.0,49,0,0
40000,4,1317,1,649,1,1920,1950,0.0,0,0,0.0,50.0,0,668,54
179900,8,1234,2,1234,2,2007,2007,0.0,0,0,2.0,85.0,0,0,30
165500,5,1700,2,1398,1,1959,1959,0.0,1,1018,1.0,70.0,0,0,38
277500,9,1561,2,1561,2,2005,2005,246.0,1,1153,2.0,60.0,203,0,47
309000,8,2452,3,1117,3,2004,2005,132.0,1,0,2.0,108.0,113,1320,32
145000,5,1097,2,1097,1,1994,1995,0.0,0,0,2.0,112.0,392,0,64
153000,5,1297,2,1297,1,1954,1990,650.0,1,1213,1.0,74.0,0,0,0
109000,5,1057,1,1057,1,1953,2007,0.0,0,731,1.0,68.0,0,0,52
160000,6,1324,2,1088,2,1965,1965,101.0,1,643,1.0,84.0,0,0,138
170000,5,1328,1,1350,1,1959,1959,0.0,2,967,1.0,115.0,0,0,104
141000,5,1150,1,1150,1,1959,1959,0.0,0,179,1.0,70.0,0,0,0
319900,9,1752,2,1752,2,2005,2005,412.0,1,456,2.0,61.0,196,0,82
239686,7,2149,2,1434,1,2003,2003,0.0,1,1351,2.0,48.0,168,631,43
249700,8,1656,3,1656,2,2006,2006,0.0,0,24,2.0,84.0,0,0,146
127000,5,955,1,955,1,1966,1966,0.0,0,763,1.0,66.0,0,0,0
114500,6,1176,2,816,1,1934,1950,0.0,1,0,2.0,52.0,112,0,0
110000,5,816,2,816,1,1963,1963,0.0,0,104,1.0,110.0,106,0,0
385000,9,1842,3,1842,0,1981,1987,0.0,1,1810,1.0,68.0,857,0,72
130000,5,1360,2,384,1,1955,1955,0.0,1,384,1.0,60.0,0,0,50
180500,6,1425,2,1425,2,1964,1964,272.0,1,490,1.0,100.0,0,0,0
172500,8,1739,2,970,2,1999,2000,456.0,0,649,2.0,24.0,115,756,0
196500,7,1720,2,860,2,2004,2004,0.0,0,0,2.0,89.0,0,860,70
438780,10,2945,3,1410,3,2006,2006,1031.0,1,0,2.0,66.0,192,1519,0
124900,5,780,1,780,1,1972,1972,0.0,0,632,1.0,60.0,196,0,0
158000,6,1158,2,1158,1,2004,2004,0.0,0,941,2.0,63.0,0,0,50
101000,5,1111,1,530,1,1920,1996,0.0,0,0,0.0,60.0,0,530,0
202500,8,1370,2,1370,2,2006,2006,178.0,1,24,2.0,44.0,120,0,49
140000,7,1710,2,576,2,1921,1950,0.0,0,0,0.0,50.0,12,808,11
317000,8,2473,3,1143,2,2004,2005,344.0,1,0,2.0,76.0,192,1330,151
226000,7,1479,2,1453,2,2003,2003,167.0,0,1013,2.0,72.0,144,0,29
80000,4,747,1,747,1,1945,1950,0.0,0,0,1.0,47.0,0,0,0
225000,7,2287,2,1304,2,1953,1953,0.0,1,603,1.0,81.0,0,983,21
244000,7,2223,2,2223,2,1973,1973,1115.0,2,1880,1.0,95.0,300,0,0
129500,4,845,2,845,1,1982,2006,0.0,0,565,1.0,69.0,0,0,0
185000,7,1718,2,832,2,1998,1998,40.0,1,0,2.0,74.0,0,833,94
144900,5,1086,2,1086,1,1954,2003,104.0,0,320,1.0,85.0,0,0,0
107400,3,1605,1,840,2,1915,1950,0.0,0,0,1.0,60.0,0,765,0
91000,4,988,1,462,1,1973,1973,0.0,0,462,1.0,21.0,120,462,101
127000,5,1285,1,672,1,1948,2001,0.0,0,336,1.0,50.0,0,213,0
110000,5,1230,2,440,1,1910,1981,0.0,0,0,2.0,60.0,74,548,0
193500,6,2142,1,896,2,1968,1968,576.0,1,448,1.0,100.0,0,960,72
153500,6,1337,2,1237,2,1998,1998,443.0,0,1201,2.0,32.0,0,0,199
245000,8,1563,3,1563,2,2007,2007,468.0,1,33,2.0,78.0,144,0,99
126500,5,1065,2,1065,1,1960,1960,66.0,0,0,1.0,80.0,74,0,0
260000,8,2417,2,1288,2,1991,1992,284.0,1,0,1.0,121.0,127,1116,82
174000,6,1560,2,684,2,2005,2005,0.0,1,0,2.0,122.0,100,876,38
164500,6,1224,2,612,2,2009,2009,76.0,0,0,2.0,40.0,0,612,234
109900,4,1040,2,0,1,1950,1950,0.0,0,0,3.0,60.0,0,0,29
98600,5,1235,2,1235,1,1961,1961,203.0,0,600,1.0,85.0,0,0,0
163500,5,964,2,876,1,1921,2006,0.0,0,713,0.0,80.0,0,0,0
133900,6,2291,2,1214,2,1910,1998,0.0,1,1046,0.0,60.0,0,1031,0
204750,6,1786,2,824,2,1997,1997,0.0,0,648,2.0,69.0,0,881,162
214000,7,1588,2,1588,2,1999,1999,183.0,0,1162,2.0,78.0,158,0,29
94750,4,960,1,960,1,1965,1965,48.0,0,520,1.0,73.0,120,0,0
83000,5,835,1,458,1,1920,1950,0.0,0,108,0.0,85.0,0,0,0
178000,6,1732,2,741,2,1985,1985,336.0,1,0,1.0,77.0,192,755,46
118964,5,1535,2,0,2,1979,1979,0.0,0,0,3.0,64.0,0,0,0
198900,7,1226,3,1226,2,2009,2009,0.0,0,0,2.0,94.0,0,0,36
250000,8,1992,2,1053,2,2003,2004,768.0,1,0,2.0,75.0,140,939,45
100000,4,1047,1,641,1,1885,1995,0.0,0,0,0.0,60.0,0,0,0
115000,5,789,1,789,1,1948,1950,0.0,0,104,1.0,50.0,0,0,0
190000,6,1844,2,1844,2,1977,1977,480.0,1,705,1.0,105.0,0,0,122
136900,6,1855,1,994,2,1954,1972,0.0,0,444,1.0,75.0,182,639,0
383970,7,2696,3,1264,2,2007,2007,220.0,1,984,2.0,77.0,120,1414,184
259500,6,2320,1,1028,2,1945,2002,0.0,1,774,1.0,61.0,224,884,0
176000,6,1458,2,729,2,1999,1999,1129.0,1,419,2.0,34.0,0,729,32
155000,5,1125,2,1125,1,2006,2007,0.0,0,0,2.0,74.0,80,0,64
320000,7,3222,3,1673,3,1990,1990,0.0,2,1470,2.0,90.0,367,1523,0
163990,6,1456,2,728,2,2005,2006,0.0,1,0,2.0,65.0,0,728,24
100000,4,1123,1,732,1,1939,1950,0.0,0,0,2.0,50.0,0,351,0
136000,6,1080,1,1080,1,1958,1958,135.0,0,570,1.0,75.0,0,0,0
153900,6,1199,2,1199,2,1993,1993,0.0,0,300,2.0,55.0,0,0,63
181000,6,1586,2,1362,2,1979,1998,0.0,1,0,1.0,48.0,192,0,0
155000,6,1348,2,660,1,1966,1966,266.0,1,512,1.0,69.0,188,688,108
150000,5,1053,2,1008,1,1958,1991,85.0,0,567,1.0,69.0,0,0,80
226000,7,2157,2,924,2,1966,1966,309.0,2,445,1.0,88.0,105,941,66
150750,5,1327,2,1063,1,1959,2002,0.0,0,405,1.0,75.0,0,0,0
180000,5,1721,2,1461,2,1968,1993,0.0,1,570,1.0,78.0,0,0,96
174000,7,1682,2,1304,2,1970,1970,288.0,1,0,2.0,80.0,98,0,0
171000,7,1959,3,1907,3,1988,1989,70.0,0,0,1.0,82.0,0,0,0
230000,8,1852,3,1004,2,1999,2000,320.0,2,668,2.0,73.0,224,848,106
231500,6,1764,2,928,2,1997,1997,0.0,0,821,2.0,65.0,276,836,99
260000,7,1734,2,1734,2,2005,2005,0.0,0,1300,2.0,78.0,160,0,24
166000,5,1385,2,910,2,1952,1952,0.0,0,507,1.0,71.0,0,475,0
204000,7,1501,2,1490,2,1999,1999,183.0,0,679,2.0,78.0,144,0,29
125000,5,1728,2,1728,2,1963,1963,336.0,0,1332,1.0,70.0,0,0,0
130000,6,1709,2,970,2,2004,2006,50.0,0,0,2.0,24.0,0,739,40
105000,5,875,1,715,1,1931,1993,0.0,0,209,0.0,51.0,48,0,0
122000,5,969,2,969,1,1975,1975,0.0,0,716,1.0,120.0,0,0,0
372402,8,1710,3,1710,2,2007,2008,436.0,1,1400,2.0,107.0,0,0,102
125000,6,1200,1,1200,1,1923,1950,0.0,0,0,0.0,84.0,0,0,0
109500,5,1040,2,0,1,1950,1950,0.0,0,0,1.0,60.0,0,0,0
269500,8,1968,3,774,2,2009,2010,84.0,1,0,2.0,92.0,0,1194,75
254900,7,1947,2,991,2,2004,2005,0.0,1,222,2.0,100.0,0,956,136
320000,7,2462,2,1392,2,2005,2006,456.0,1,57,2.0,134.0,239,1070,132
412500,9,2668,3,1572,2,2003,2004,664.0,2,1016,2.0,110.0,400,1096,0
220000,7,1541,2,1541,2,2005,2005,226.0,1,1201,2.0,95.0,0,0,70
152000,6,1616,1,1149,2,1926,2004,0.0,0,370,0.0,40.0,0,467,0
325624,8,2161,3,1582,1,2007,2007,300.0,1,1288,2.0,86.0,178,551,120
183500,7,1720,2,840,2,2004,2004,0.0,1,0,2.0,62.0,100,880,48
215000,6,1656,2,1080,1,1960,1960,112.0,2,639,1.0,141.0,210,0,62
239000,7,1767,2,1064,2,1987,1987,0.0,1,495,2.0,44.0,441,703,35
163000,6,1362,2,1362,1,1961,1961,491.0,1,288,1.0,80.0,0,0,20
184000,6,1651,2,1606,2,1986,1986,132.0,1,1398,1.0,47.0,192,0,0
243000,6,2158,2,1202,2,1950,2001,0.0,1,477,1.0,84.0,0,0,29
211000,6,2060,2,1151,2,1988,1989,268.0,1,831,2.0,97.0,0,896,228
501837,9,2234,3,2216,2,2008,2009,748.0,1,1904,2.0,63.0,0,0,60
100000,5,968,2,968,1,1923,2006,0.0,0,0,1.0,60.0,0,0,0
200100,7,1802,1,793,1,1920,1950,0.0,1,352,0.0,54.0,0,901,0
120000,5,1340,1,0,1,1957,2006,98.0,1,0,2.0,60.0,116,0,0
200000,7,2082,2,1362,2,2003,2003,0.0,0,0,2.0,63.0,280,720,238
127000,5,1252,2,504,1,1908,1991,0.0,0,0,2.0,92.0,104,316,0
475000,10,3608,3,1107,2,1892,1993,0.0,2,0,0.0,90.0,0,1518,260
135000,5,1656,1,660,2,1916,1987,0.0,0,0,1.0,60.0,0,704,0
153337,5,1224,2,1086,0,1979,1979,275.0,2,1086,1.0,64.0,120,0,0
286000,8,1593,2,1593,1,2001,2002,0.0,1,1153,2.0,41.0,0,0,120
315000,8,2727,2,853,2,1932,1994,0.0,2,297,1.0,70.0,0,1178,74
192000,7,1431,2,1431,2,1999,1999,0.0,0,560,2.0,68.0,0,0,35
130000,7,1709,2,970,2,2004,2004,50.0,0,0,2.0,24.0,0,739,40
127000,5,864,1,864,1,1972,1972,0.0,0,390,1.0,60.0,0,0,0
148500,6,1456,2,855,2,1976,1976,0.0,1,566,1.0,24.0,87,601,0
311872,7,1726,3,1726,2,2007,2007,205.0,1,1126,2.0,79.0,171,0,138
235000,8,3112,2,1360,2,1918,1990,0.0,1,1036,2.0,174.0,0,1360,16
274900,8,1713,3,1713,2,2004,2005,262.0,1,1088,2.0,76.0,0,0,26
140000,4,1121,2,1121,2,2003,2004,0.0,0,0,2.0,80.0,132,0,64
171500,6,1279,2,1196,2,1977,1977,0.0,2,641,1.0,75.0,238,0,83
112000,6,1310,1,617,2,1924,1950,0.0,0,617,0.0,50.0,0,445,0
110000,5,1284,1,720,1,1947,1950,0.0,0,312,1.0,50.0,0,564,35
180500,7,1442,2,1424,2,1990,1990,0.0,0,0,2.0,99.0,0,0,34
143900,5,1696,1,1140,1,1962,1962,0.0,1,0,1.0,40.0,0,0,30
145000,6,1092,2,1092,1,1964,1964,260.0,0,787,1.0,75.0,0,0,0
186000,6,1212,2,1212,2,2009,2009,0.0,0,36,2.0,83.0,100,0,22
252678,7,1852,2,900,2,2009,2009,0.0,1,822,2.0,72.0,168,920,108
156000,5,990,2,990,1,1995,1995,0.0,0,716,2.0,43.0,224,0,0
134450,5,1236,1,1070,1,1957,1996,64.0,1,360,1.0,72.0,0,0,0
210000,7,1436,2,1436,2,2004,2004,266.0,0,946,2.0,65.0,139,0,98
107000,4,1328,1,686,1,1925,1950,0.0,0,0,1.0,57.0,0,518,172
167240,7,1248,2,1248,2,2005,2006,16.0,0,16,2.0,43.0,108,0,0
204900,7,1498,2,1498,2,2006,2006,0.0,0,0,2.0,73.0,351,0,33
179900,6,1552,2,713,2,1975,1975,0.0,1,550,1.0,85.0,209,741,208
97000,4,864,2,864,1,1971,1971,0.0,0,524,1.0,70.0,216,0,0
386250,10,2392,3,2392,2,2003,2003,922.0,1,56,2.0,103.0,248,0,105
112000,5,1302,1,630,2,1971,1971,142.0,0,0,1.0,21.0,0,672,0
290000,7,2520,3,1203,2,1995,1995,290.0,1,565,2.0,82.0,224,1306,114
106000,6,987,1,483,1,1970,1970,127.0,0,321,1.0,21.0,0,504,0
125000,5,912,1,912,1,1967,1967,0.0,1,842,1.0,70.0,0,0,0
192500,7,1555,2,1373,2,2005,2006,16.0,1,16,2.0,43.0,143,0,20
148000,6,1194,1,1194,1,1959,1959,220.0,0,0,1.0,73.0,0,0,0
403000,8,2794,3,1462,2,1995,1996,506.0,1,689,2.0,174.0,0,1304,146
94500,6,987,1,483,1,1972,1972,297.0,1,0,1.0,21.0,0,504,0
128200,5,894,1,894,1,1976,1976,0.0,0,182,1.0,75.0,365,0,0
89500,6,987,1,483,1,1971,1971,604.0,0,358,1.0,21.0,0,504,0
185500,7,1414,2,1414,2,2004,2004,98.0,0,24,2.0,65.0,132,0,105
318000,8,1694,3,1694,2,2007,2007,254.0,0,0,2.0,93.0,168,0,228
113000,6,1487,1,735,1,1945,1950,0.0,1,94,1.0,52.0,0,689,140
262500,8,1566,2,1566,2,2008,2008,36.0,0,1078,2.0,75.0,144,0,168
79000,5,1440,1,540,1,1900,1950,0.0,0,0,0.0,63.0,0,551,0
120000,6,1217,1,626,1,1980,1980,0.0,1,0,1.0,75.0,0,591,28
241500,7,1872,2,1845,2,1988,1988,102.0,1,929,1.0,80.0,197,0,39
137000,6,1928,1,1020,2,1910,1950,0.0,0,0,4.0,69.0,0,1020,60
140000,6,1375,2,1367,1,1954,1954,0.0,1,0,1.0,75.0,0,0,30
180000,7,1668,2,840,2,2003,2003,101.0,0,0,2.0,72.0,144,828,68
235000,8,1625,2,1573,2,2006,2007,481.0,1,1573,2.0,44.0,123,0,0
173000,6,1640,2,798,2,2004,2004,0.0,0,0,2.0,65.0,138,842,45
158000,6,1302,1,1302,2,1964,1991,108.0,0,270,1.0,85.0,333,0,0
145000,5,1314,1,1314,1,1957,1957,0.0,0,922,1.0,70.0,250,0,0
230000,7,2291,2,975,2,1999,1999,302.0,1,0,2.0,66.0,192,1286,0
207500,6,1728,2,864,2,2003,2003,0.0,0,503,2.0,64.0,216,864,56
220000,7,1604,2,1604,2,2006,2006,180.0,1,1334,2.0,68.0,123,0,110
231500,7,1792,2,963,2,2001,2001,172.0,1,361,2.0,80.0,0,829,96
97000,5,882,1,0,1,1956,1956,0.0,0,0,2.0,70.0,0,0,45
176000,6,1382,2,1362,1,1962,1962,399.0,1,672,1.0,120.0,0,0,0
276000,8,2574,3,1482,2,2007,2007,270.0,1,0,2.0,69.0,0,1092,148
151000,6,1212,2,506,1,1977,1995,46.0,1,506,1.0,88.0,292,0,12
130000,5,1316,2,926,1,1929,2001,0.0,0,234,0.0,50.0,0,0,0
73000,5,764,2,680,1,1925,2004,0.0,0,0,0.0,30.0,0,0,0
175500,6,1422,2,1422,2,1981,1981,210.0,1,588,1.0,78.0,276,0,0
185000,6,1511,2,802,2,1997,1997,0.0,1,714,2.0,70.0,95,709,75
179500,5,2192,1,720,2,1939,1997,0.0,1,378,2.0,60.0,262,720,24
120500,5,778,1,740,1,1940,1955,0.0,1,403,1.0,71.0,0,0,25
266000,8,1939,3,1095,2,2006,2006,0.0,1,0,2.0,84.0,192,844,51
241500,7,1363,2,1385,1,1954,2005,0.0,2,226,1.0,73.0,81,0,0
290000,8,2270,3,1152,2,1999,2007,348.0,1,524,2.0,92.0,132,1106,57
139000,6,1632,1,1240,2,1958,1988,183.0,1,620,1.0,80.0,289,0,0
124500,5,816,1,816,1,1982,1982,0.0,0,546,1.0,76.0,168,0,0
205000,7,1548,2,952,2,1925,2007,0.0,0,0,0.0,55.0,74,596,0
201000,7,1560,2,1560,2,2003,2003,0.0,0,0,2.0,129.0,100,0,150
141000,4,864,2,864,1,1951,1951,0.0,0,120,1.0,140.0,0,0,0
415298,9,2121,3,2121,2,2006,2007,315.0,1,0,2.0,107.0,124,0,98
192000,7,2022,2,1160,2,1977,1977,299.0,1,392,1.0,83.0,288,866,117
228500,7,1982,2,807,2,1989,1989,340.0,1,421,1.0,82.0,0,807,84
185000,6,1262,2,1262,2,2006,2006,68.0,0,905,2.0,60.0,0,0,120
207500,7,1314,2,1314,2,2007,2008,166.0,1,904,2.0,34.0,172,0,62
244600,8,1468,3,1468,2,2008,2009,72.0,1,0,2.0,74.0,210,0,150
179200,6,1575,2,1575,2,1992,1992,0.0,0,430,2.0,50.0,0,0,0
164700,7,1250,2,625,2,2006,2007,0.0,0,0,2.0,35.0,0,625,54
159000,6,1734,2,912,1,1962,1981,0.0,1,600,1.0,77.0,0,649,0
153575,6,1396,1,698,1,1915,2003,0.0,0,0,0.0,60.0,0,698,0
233230,8,1919,2,1079,2,2006,2006,0.0,1,0,2.0,120.0,0,840,51
131000,5,1716,1,768,1,1949,2008,0.0,1,292,1.0,60.0,0,568,0
167000,6,1644,2,1416,1,1953,1953,238.0,2,1285,1.0,80.0,110,0,0
142500,6,1003,2,1003,1,1984,1984,0.0,0,819,1.0,37.0,120,0,0
152000,5,1558,1,910,1,1950,1950,0.0,0,420,1.0,75.0,289,648,0
239000,7,1950,2,975,2,1997,1998,1600.0,1,649,2.0,66.0,0,975,10
175000,6,1743,2,702,1,1968,1968,365.0,1,384,1.0,90.0,224,702,0
158500,6,1152,1,1092,1,1950,2004,0.0,1,0,1.0,80.0,0,0,36
157000,5,1336,1,1165,1,1953,1953,56.0,2,841,1.0,90.0,0,0,0
267000,8,2452,2,1028,2,1998,1999,0.0,1,281,2.0,66.0,208,1242,50
205000,7,1541,3,1541,2,2001,2002,150.0,1,0,2.0,118.0,468,0,81
149900,5,894,2,894,1,1972,1972,0.0,0,894,2.0,70.0,256,0,0
295000,7,3493,3,1470,3,1880,2002,0.0,1,0,0.0,87.0,302,1818,0
305900,8,2000,3,2000,2,2004,2005,246.0,0,1464,2.0,80.0,168,0,0
225000,7,2243,3,700,2,1990,1991,246.0,1,700,1.0,116.0,127,1121,44
360000,9,1944,3,1896,2,2003,2004,0.0,3,1274,2.0,90.0,208,0,175
132000,6,972,1,972,1,1948,2002,0.0,1,680,1.0,50.0,0,0,0
119900,5,1118,2,793,1,1939,1950,0.0,1,507,1.0,65.0,0,325,0
375000,7,2036,2,2136,2,1965,1965,0.0,2,1236,1.0,150.0,0,0,0
178000,7,1641,2,728,1,1925,1990,0.0,1,16,0.0,60.0,0,809,0
188500,7,1432,2,716,2,2004,2005,0.0,1,425,2.0,71.0,100,716,51
260000,7,2353,2,845,2,1980,1980,278.0,1,692,1.0,94.0,288,1200,195
270000,8,1959,3,1088,2,2006,2006,0.0,1,0,2.0,75.0,208,871,46
260000,7,2646,3,1347,2,1993,1993,256.0,1,987,2.0,90.0,340,1274,60
342643,9,2596,3,1249,3,2006,2006,370.0,0,0,2.0,111.0,240,1347,154
354000,8,2468,3,1136,2,2004,2004,388.0,1,970,2.0,99.0,184,1332,154
301000,7,2730,2,1502,2,1986,1987,172.0,1,28,1.0,86.0,201,1177,96
126175,3,1163,1,1162,1,1955,2005,0.0,0,256,1.0,49.0,142,0,98
242000,7,2978,2,710,2,1967,2007,300.0,1,0,1.0,96.0,240,1080,0
87000,5,803,2,720,1,1941,1950,0.0,0,116,1.0,50.0,0,0,0
324000,8,1719,2,1719,1,1993,1993,0.0,2,1619,2.0,32.0,122,0,30
145250,6,1383,1,1383,1,1960,1960,175.0,0,565,1.0,80.0,0,0,45
78000,5,1192,1,596,1,1920,1950,0.0,0,0,2.0,60.0,0,596,0
139000,5,1056,1,1056,1,1958,1992,0.0,0,846,1.0,70.0,0,0,0
284000,8,1629,3,3206,2,2003,2004,296.0,1,1124,2.0,85.0,0,0,0
207000,7,1358,2,1358,2,2004,2004,146.0,1,720,2.0,59.0,192,0,30
192000,6,1638,2,943,2,1998,1998,0.0,2,828,2.0,59.0,100,695,38
377426,9,1922,3,1922,2,2005,2006,200.0,1,1249,2.0,86.0,178,0,51
214000,7,1536,2,1536,2,2002,2003,113.0,0,810,2.0,70.0,192,0,74
202500,7,1621,2,1208,2,1984,1998,0.0,0,213,1.0,91.0,108,0,45
155000,6,1215,1,1215,1,1958,1998,176.0,0,585,1.0,66.0,0,0,0
202900,8,1908,2,967,2,2002,2002,0.0,0,0,2.0,85.0,135,915,0
82000,4,841,1,721,1,1950,1950,0.0,0,0,1.0,60.0,250,0,0
266000,9,1684,2,1684,2,2005,2005,616.0,1,28,2.0,63.0,495,0,72
85000,5,1112,1,536,1,1976,1976,0.0,0,129,1.0,36.0,182,576,0
140200,6,1577,1,972,1,1939,1950,0.0,1,0,0.0,65.0,0,605,0
154000,7,1626,2,764,2,2003,2004,106.0,0,573,2.0,36.0,0,862,27
437154,9,2728,3,1848,2,2005,2006,870.0,2,1410,2.0,56.0,0,880,0
318061,9,1869,2,1869,2,2007,2007,362.0,1,0,2.0,68.0,210,0,54
95000,5,1111,1,616,1,1941,1950,0.0,0,236,1.0,60.0,48,495,0
105900,6,720,2,624,1,1928,2003,0.0,0,0,0.0,60.0,106,0,0
140000,6,1595,1,940,1,1940,2000,0.0,2,388,1.0,60.0,0,403,0
177500,6,1200,2,1200,2,1995,1995,0.0,0,334,2.0,105.0,0,0,26
134000,5,1142,2,1142,1,1976,1976,0.0,1,874,2.0,44.0,536,0,90
130000,5,1352,1,1062,1,1958,1958,120.0,0,300,1.0,92.0,168,0,0
280000,8,1924,2,1086,2,1998,1998,530.0,1,956,2.0,78.0,208,838,75
198500,7,1922,2,0,3,2003,2003,500.0,1,0,3.0,64.0,0,1427,0
118000,6,987,1,483,1,1972,2007,510.0,0,162,1.0,21.0,250,504,0
147000,5,1344,1,672,1,1920,1997,0.0,0,456,1.0,59.0,0,672,128
165000,6,1431,1,1099,1,1962,1962,305.0,1,371,1.0,101.0,64,0,110
132000,5,1268,1,1268,1,1954,1954,200.0,1,540,2.0,78.0,0,0,98
134432,4,1588,2,0,2,1959,1959,0.0,1,0,1.0,80.0,0,468,59
125000,6,752,1,744,1,1984,1984,0.0,0,623,1.0,50.0,353,0,0
123000,5,1319,1,608,1,1953,1953,0.0,0,428,2.0,79.0,66,0,0
219500,7,1928,2,847,2,2003,2004,0.0,1,0,2.0,65.0,100,1081,48
148000,5,914,2,870,1,1996,1996,0.0,0,298,2.0,57.0,0,0,0
340000,8,2466,2,1580,3,2004,2005,0.0,1,0,2.0,102.0,159,886,214
394432,9,1856,3,1856,1,2010,2010,350.0,1,1445,2.0,88.0,113,0,0
179000,6,1800,2,982,2,2000,2000,16.0,1,0,2.0,60.0,100,793,63
127000,5,1691,1,1026,2,1924,1950,0.0,1,218,0.0,50.0,0,665,0
187750,7,1301,2,1293,2,2006,2006,0.0,1,0,2.0,60.0,216,0,121
213500,7,1797,2,939,2,2006,2006,0.0,0,0,2.0,79.0,144,858,53
76000,6,784,2,784,1,1928,1950,0.0,0,0,0.0,60.0,0,0,0
192000,8,1269,2,1256,2,2004,2005,16.0,1,24,2.0,43.0,146,0,20
125000,6,1125,1,1041,1,1976,1976,255.0,1,631,1.0,72.0,296,0,0
191000,7,1479,2,1468,2,1999,2000,125.0,0,0,2.0,93.0,120,0,25
426000,10,2332,3,1682,2,2007,2008,272.0,1,1280,2.0,96.0,196,590,134
119000,5,1367,1,861,1,1900,1950,0.0,0,241,0.0,50.0,0,406,130
215000,6,1961,2,804,2,2001,2002,0.0,1,690,2.0,71.0,125,1157,192
109000,5,1034,1,735,1,1940,1950,0.0,0,0,1.0,60.0,0,299,39
129000,5,1144,1,1144,1,1956,1956,0.0,0,739,1.0,68.0,44,0,0
123000,5,894,2,894,1,1972,1972,0.0,0,777,1.0,60.0,215,0,0
169500,5,1812,1,864,2,1962,1962,288.0,1,540,1.0,69.0,0,936,168
67000,5,1077,1,961,1,1920,1950,0.0,0,0,0.0,60.0,0,0,0
241000,7,1550,2,1092,2,2006,2007,100.0,0,812,2.0,65.0,0,438,168
245500,8,1288,2,1260,1,1996,1996,0.0,2,786,2.0,38.0,120,0,30
164990,7,1310,2,1310,2,2005,2005,0.0,1,24,2.0,65.0,0,0,0
108000,5,672,1,672,1,1940,1997,0.0,0,0,2.0,60.0,168,0,0
258000,8,2263,2,1141,2,1998,1998,650.0,1,0,2.0,93.0,144,1098,123
115000,6,1639,1,1064,1,1936,1950,0.0,0,0,0.0,51.0,0,0,0
177000,6,1680,1,840,2,1915,1976,0.0,0,0,0.0,63.0,0,840,0
280000,7,2172,3,1063,2,2006,2006,350.0,1,0,2.0,109.0,192,1101,62
339750,8,2078,3,1034,2,2007,2008,100.0,1,789,2.0,85.0,0,1028,102
60000,5,1276,1,1276,1,1958,1958,0.0,0,0,1.0,68.0,0,0,0
145000,5,1056,2,1056,1,1955,1955,0.0,0,1056,1.0,100.0,264,0,0
115000,5,1028,2,1008,1,1927,1950,0.0,1,0,1.0,56.0,0,0,0
228000,7,2097,3,1080,2,1993,1993,0.0,1,50,2.0,59.0,196,1017,187
181134,7,1340,2,1340,2,2007,2007,0.0,0,24,2.0,73.0,100,0,30
149500,6,1400,2,672,1,1978,1978,203.0,1,209,1.0,74.0,0,728,0
239000,6,2624,3,1370,2,1918,1950,0.0,1,1128,0.0,86.0,0,1254,0
126000,5,1134,1,756,1,1940,1950,0.0,0,312,0.0,60.0,0,378,0
142000,5,1056,1,1056,1,1968,1968,0.0,1,775,1.0,65.0,0,0,85
206300,7,1344,4,1344,2,1997,1998,200.0,0,1309,2.0,78.0,0,0,0
113000,5,988,2,988,1,1954,1954,0.0,0,0,1.0,100.0,0,0,0
315000,8,2630,3,1470,2,1998,1998,473.0,1,986,2.0,80.0,0,1160,66
139000,6,1196,1,1196,1,1956,1956,74.0,1,616,1.0,72.0,0,0,44
135000,7,1389,1,651,1,1946,1992,0.0,2,0,1.0,60.0,0,682,0
109008,4,907,1,907,1,1957,1957,0.0,0,288,1.0,77.0,0,0,0
195400,7,1208,2,1208,2,2007,2007,108.0,0,664,2.0,64.0,105,0,54
175000,6,1412,2,1392,2,1988,1988,0.0,1,1005,1.0,130.0,0,0,0
85400,6,987,1,483,1,1971,1971,232.0,0,387,1.0,21.0,0,504,0
122500,5,1365,2,765,1,1971,1971,376.0,0,471,1.0,24.0,240,600,36
181000,6,1604,2,926,2,1997,1998,0.0,1,0,2.0,100.0,0,678,36
212000,7,1661,2,799,2,1996,1996,0.0,1,385,2.0,43.0,158,834,61
116000,6,1118,2,648,1,1920,1950,0.0,0,0,0.0,40.0,0,384,0
119000,6,904,1,884,1,1926,2004,0.0,0,0,2.0,50.0,0,0,0
90350,5,694,1,440,1,1913,2002,0.0,1,365,2.0,40.0,0,0,0
110000,6,1196,2,684,1,1920,2000,0.0,0,0,0.0,67.0,0,512,46
555000,10,2402,3,3094,2,2008,2008,200.0,2,1767,2.0,105.0,0,0,72
162900,5,1573,2,1078,2,1930,1992,0.0,1,0,2.0,52.0,0,445,0
172500,7,1258,3,1258,2,2006,2007,72.0,1,0,2.0,53.0,144,0,16
210000,7,1908,2,915,2,1994,1995,0.0,1,642,2.0,70.0,144,975,133
127500,6,1689,2,1436,1,1956,1956,0.0,1,0,1.0,73.0,0,0,0
190000,6,1888,2,1517,2,1966,2002,0.0,1,247,1.0,137.0,0,0,0
119500,6,1376,1,780,2,1937,1950,0.0,1,0,0.0,50.0,0,596,0
120000,3,1183,1,649,1,1948,2002,0.0,0,331,1.0,50.0,0,504,176
110000,6,813,1,813,1,1930,2005,0.0,0,0,0.0,70.0,0,0,113
280000,7,1533,2,1533,2,1975,1975,0.0,2,655,1.0,62.0,200,0,54
210000,8,1590,2,768,2,2008,2008,0.0,0,0,2.0,75.0,0,804,30
188000,5,1728,2,1728,2,1976,1976,0.0,0,1606,1.0,63.0,0,0,0
175500,7,1242,2,1242,1,1973,1973,320.0,1,916,1.0,80.0,0,0,0
98000,5,1344,3,624,1,1916,1950,0.0,0,0,0.0,34.0,0,720,0
263435,8,1935,2,832,2,2009,2009,110.0,0,544,2.0,75.0,0,1103,150
155000,7,1135,2,560,1,1936,2007,0.0,0,350,2.0,60.0,256,560,0
62383,5,864,1,864,1,1965,1965,0.0,1,553,1.0,60.0,0,0,0
188700,6,1660,1,715,1,1934,1995,0.0,1,326,1.0,74.0,0,811,0
167000,7,1277,2,1277,1,1970,1970,0.0,1,778,1.0,85.0,0,0,0
146500,5,1644,1,728,1,1942,1995,224.0,2,386,1.0,79.0,168,756,0
250000,8,1634,3,1626,2,2006,2006,248.0,1,0,2.0,98.0,0,0,44
187000,6,1710,2,832,2,1993,1993,120.0,0,426,2.0,76.0,144,878,70
190000,7,1969,2,808,2,1977,1977,0.0,1,0,1.0,92.0,0,808,0
148000,6,1072,2,547,1,2005,2005,80.0,0,459,2.0,35.0,0,0,28
440000,8,1976,3,1976,2,2006,2007,304.0,1,1350,2.0,110.0,250,0,63
251000,8,1652,2,1494,2,2000,2000,0.0,0,1196,2.0,41.0,96,0,48
132500,5,970,2,970,1,1963,1963,0.0,0,630,1.0,80.0,0,0,24
208900,6,1493,2,1478,2,1997,1998,215.0,1,994,2.0,75.0,140,0,39
380000,9,2643,3,2153,2,2006,2006,772.0,1,0,2.0,105.0,414,574,84
297000,8,1718,3,1705,2,2007,2008,336.0,1,1288,2.0,79.0,208,0,44
89471,4,1131,2,907,1,1937,2000,435.0,0,168,0.0,50.0,0,0,72
326000,9,1850,3,1833,2,2004,2005,378.0,1,1261,2.0,98.0,519,0,112
374000,9,1792,3,1792,2,2003,2004,562.0,1,1567,2.0,72.0,206,0,49
155000,7,1826,1,910,1,1915,2005,0.0,1,299,2.0,50.0,0,910,0
164000,6,1216,2,1216,2,1998,1998,116.0,0,897,2.0,32.0,0,0,125
147000,5,1113,1,1113,1,1950,2007,0.0,1,607,1.0,80.0,0,0,80
156000,5,1073,2,1073,1,1965,1965,168.0,0,836,1.0,79.0,0,0,0
175000,5,1484,2,1484,2,1971,1971,0.0,1,998,1.0,70.0,224,0,0
160000,5,2414,2,954,2,1900,1970,0.0,1,664,1.0,60.0,142,648,0
86000,4,630,1,630,1,1970,2002,0.0,0,515,1.0,21.0,0,0,0
133000,6,1578,1,806,1,1941,1950,0.0,2,403,1.0,79.0,0,620,0
172785,6,1456,2,728,2,2006,2006,0.0,0,0,2.0,105.0,0,728,0
155000,5,1269,1,1269,1,1960,1960,0.0,1,374,1.0,70.0,0,0,0
91300,5,886,1,190,1,1938,1996,0.0,0,0,0.0,50.0,144,0,20
184000,7,1820,1,1026,2,1925,1950,0.0,0,329,2.0,60.0,0,687,100
130000,5,899,1,864,1,1967,2004,89.0,0,450,2.0,65.0,64,0,0
120000,5,912,1,912,1,1958,1985,0.0,0,111,1.0,70.0,12,0,285
113000,6,1218,1,672,1,1973,1973,285.0,0,356,1.0,21.0,144,546,28
226700,7,1768,2,866,2,2005,2005,0.0,0,400,2.0,75.0,0,902,108
140000,5,1214,2,1214,1,1965,1965,0.0,0,698,1.0,70.0,0,0,0
289000,7,1801,2,1501,2,1959,1997,0.0,2,1247,1.0,100.0,0,0,54
147000,6,1322,2,855,2,1974,1974,0.0,1,257,1.0,24.0,260,467,0
124500,5,1960,2,960,2,1952,1952,360.0,0,0,1.0,60.0,0,1000,0
215000,8,1911,2,777,2,1993,1994,125.0,1,380,2.0,80.0,182,846,81
208300,6,1218,2,1218,2,2009,2009,0.0,0,27,2.0,75.0,0,0,102
161000,7,1378,2,689,2,1928,2005,0.0,1,141,0.0,60.0,0,689,0
124500,5,1041,1,1041,1,1959,1959,132.0,0,991,1.0,80.0,224,0,88
164900,5,1363,1,1008,1,1951,2000,70.0,2,650,1.0,75.0,324,0,42
202665,7,1368,2,1368,2,2005,2006,94.0,1,0,2.0,40.0,132,0,35
129900,5,864,2,864,1,1958,1958,0.0,0,521,1.0,70.0,0,0,0
134000,6,1080,2,1084,1,1983,1983,0.0,0,336,2.0,71.0,120,0,0
96500,5,789,1,768,1,1926,1950,0.0,0,0,0.0,55.0,0,0,0
402861,10,2020,3,2006,2,2009,2009,305.0,1,1436,1.0,94.0,156,0,54
265000,7,2344,3,1264,2,1996,1997,921.0,1,0,2.0,79.0,220,1067,0
234000,7,2080,1,1276,1,1926,2004,0.0,2,0,0.0,53.0,0,804,0
150000,6,1244,1,1244,1,1957,1957,0.0,2,777,1.0,90.0,0,0,40
159000,6,1664,2,1004,2,1947,1950,0.0,2,399,1.0,50.0,0,660,24
184750,10,4676,3,3138,3,2007,2008,762.0,1,2260,2.0,130.0,208,1538,406
315750,7,2398,3,1379,2,1996,1997,594.0,1,719,2.0,95.0,239,1015,60
176000,7,1266,2,1257,2,2005,2005,0.0,1,0,2.0,62.0,38,0,144
132000,5,928,1,928,1,1956,2000,0.0,0,377,1.0,70.0,261,0,0
446261,9,2713,3,1452,2,2008,2008,268.0,1,1330,2.0,67.0,126,1237,66
175000,6,1509,2,1461,2,1988,1989,219.0,1,783,1.0,85.0,224,0,0
128000,6,1362,2,611,2,1920,1999,0.0,0,0,0.0,60.0,0,611,0
107500,5,827,1,0,1,1955,2007,0.0,1,0,3.0,60.0,0,0,0
178000,8,1414,2,707,2,2004,2004,0.0,1,0,2.0,74.0,100,707,35
188000,7,1724,2,880,2,1998,1999,0.0,0,0,2.0,57.0,120,844,155
315000,9,1838,3,1838,2,2006,2006,584.0,1,1260,2.0,85.0,270,0,68
213250,7,1680,2,1650,2,1998,1999,0.0,1,144,2.0,78.0,78,0,73
133000,7,767,1,723,1,1998,1998,182.0,0,584,2.0,34.0,120,0,40
179665,7,1496,2,654,2,2006,2006,0.0,1,554,2.0,58.0,100,832,24
210000,6,1635,2,1065,1,1923,1950,0.0,1,300,0.0,70.0,0,720,38
129500,5,768,2,768,1,1970,1970,0.0,0,619,1.0,54.0,104,0,0
125000,5,825,2,825,1,1955,1995,0.0,0,180,1.0,49.0,140,0,50
263000,7,2094,2,912,2,2003,2004,0.0,1,0,2.0,75.0,182,1182,182
140000,6,1069,2,1069,2,1977,1977,0.0,0,559,1.0,53.0,0,0,55
112500,5,928,1,928,1,1957,1957,0.0,0,308,1.0,50.0,0,0,0
255500,8,1717,3,1709,2,2006,2006,250.0,1,0,2.0,87.0,169,0,39
108000,4,1126,2,0,2,1949,2003,0.0,0,0,1.0,67.0,0,0,96
284000,7,2046,3,998,2,2003,2004,292.0,1,866,2.0,85.0,320,1040,62
113000,5,1048,1,993,1,1922,1950,0.0,1,0,0.0,58.0,0,0,0
141000,5,1092,1,1092,1,1957,1957,0.0,1,895,1.0,69.0,268,0,0
108000,4,1336,1,637,1,1920,1950,0.0,0,637,1.0,60.0,0,439,47
175000,7,1446,2,729,2,1996,1997,0.0,1,604,2.0,57.0,264,717,22
170000,5,1389,2,1389,1,1974,1975,0.0,1,1071,1.0,77.0,240,0,38
185000,6,1674,2,1163,2,1918,1950,0.0,1,0,0.0,66.0,72,511,36
128000,6,1647,1,806,1,1915,1950,0.0,0,0,2.0,66.0,0,806,66
325000,9,2504,3,1122,2,2005,2007,245.0,1,0,2.0,77.0,144,1370,39
214000,7,1535,2,1517,2,2004,2004,168.0,0,2,2.0,70.0,0,0,0
316600,8,2132,2,1496,1,1983,2009,0.0,1,1441,1.0,79.0,349,636,40
142600,5,1728,2,1728,2,1965,1965,108.0,0,231,1.0,74.0,0,0,0
120000,6,864,1,864,1,1959,1959,207.0,0,414,1.0,60.0,168,0,0
224500,7,1692,2,846,2,2009,2009,0.0,0,0,2.0,83.0,208,846,114
170000,7,1430,2,384,2,2000,2000,0.0,1,0,2.0,76.0,100,656,0
139000,5,1109,1,372,1,1971,2005,82.0,0,349,1.0,70.0,35,533,0
118500,5,1216,1,832,1,1947,1950,0.0,0,442,1.0,80.0,158,384,0
145000,7,1477,1,861,2,1928,1950,0.0,1,0,0.0,52.0,0,600,50
164500,5,1320,2,1164,1,1966,1966,97.0,2,328,1.0,96.0,160,0,68
146000,7,1392,2,689,2,2007,2007,0.0,0,0,2.0,34.0,0,689,102
131500,5,1795,1,1050,2,1954,1954,335.0,0,0,0.0,81.0,0,745,0
253293,8,2042,3,2042,2,2008,2009,306.0,1,0,2.0,98.0,0,0,90
325000,10,2775,2,1237,3,1893,2000,0.0,1,0,0.0,75.0,105,1254,502
133000,4,1573,1,884,1,1935,1995,0.0,0,0,0.0,51.0,0,584,0
369900,8,2028,3,1868,2,2005,2006,208.0,2,1460,2.0,88.0,326,0,66
130000,6,838,1,816,1,1918,2000,0.0,0,210,0.0,55.0,0,0,0
137000,5,860,2,840,1,1982,1982,0.0,0,672,1.0,74.0,0,0,0
143000,5,1473,1,1437,1,1968,2003,0.0,2,1324,1.0,65.0,0,0,48
79500,5,935,1,742,1,1930,1960,0.0,0,0,0.0,50.0,0,0,0
185900,7,1582,2,770,2,2004,2004,0.0,0,490,2.0,64.0,0,812,45
451950,10,2296,3,1722,2,2008,2008,420.0,1,1338,2.0,97.0,382,568,274
138000,5,816,2,816,1,1982,2003,0.0,0,816,2.0,60.0,0,0,0
110000,5,924,1,924,1,1975,1975,0.0,0,0,1.0,88.0,0,0,0
319000,8,1826,3,1814,2,2005,2006,238.0,1,1422,2.0,69.0,180,0,75
114504,6,1368,1,684,1,1910,1993,0.0,0,0,1.0,60.0,0,684,158
194201,7,1402,3,1258,0,2006,2007,72.0,1,0,2.0,53.0,120,0,16
217500,5,1647,2,1430,2,1977,1977,459.0,1,1283,1.0,80.0,0,0,0
151000,6,1556,2,716,2,1980,1980,0.0,1,81,1.0,24.0,161,840,0
275000,8,1904,2,1058,2,2005,2005,280.0,1,546,2.0,74.0,179,846,60
141000,6,1375,1,780,1,1937,1950,0.0,1,0,2.0,50.0,0,595,162
220000,8,1915,2,908,2,1992,1992,0.0,1,789,2.0,80.0,120,988,150
151000,7,1200,2,600,2,2004,2005,0.0,0,0,2.0,30.0,0,600,172
221000,7,1494,2,1494,2,2002,2002,99.0,1,922,2.0,88.0,192,0,36
205000,7,1986,2,768,2,1965,1990,176.0,3,454,1.0,85.0,0,800,42
152000,5,1040,2,1040,1,1996,1996,0.0,0,732,2.0,82.0,168,0,0
225000,5,2008,1,896,3,1948,2002,0.0,0,603,1.0,78.0,103,896,0
359100,8,3194,2,965,2,1934,1998,0.0,2,428,2.0,78.0,0,1254,0
118500,4,1029,1,1029,1,1961,1961,192.0,0,903,1.0,61.0,64,0,0
137500,6,1054,2,936,1,1963,1963,156.0,0,763,2.0,80.0,120,0,0
105500,6,832,2,832,1,1954,1954,0.0,0,0,1.0,59.0,0,0,0
314813,9,1828,3,1822,2,2007,2007,452.0,1,48,2.0,90.0,0,0,108
305000,8,2262,3,1482,2,2003,2003,226.0,2,871,2.0,85.0,168,780,0
240000,6,2614,2,1522,2,1974,1997,0.0,1,956,1.0,90.0,38,1066,243
135000,5,980,2,980,1,1977,1977,153.0,0,560,1.0,71.0,192,0,0
165150,6,1790,2,732,1,1972,1972,288.0,1,247,1.0,80.0,148,778,0
160000,6,1116,2,1116,1,1962,1962,261.0,0,0,1.0,87.0,0,0,0
153000,6,1520,1,1156,1,1955,1972,164.0,2,674,1.0,80.0,0,0,0
135000,5,2080,2,1040,1,1969,1969,192.0,2,650,2.0,70.0,335,1040,0
168500,6,1350,2,1248,1,1964,1964,259.0,0,624,1.0,82.0,176,0,0
124000,5,1750,1,636,1,1880,1991,0.0,0,0,0.0,50.0,0,661,0
209500,8,1554,2,1554,2,2006,2006,108.0,1,24,2.0,34.0,156,0,73
82500,7,1411,2,1386,2,1977,1977,209.0,1,822,1.0,85.0,192,0,0
139400,5,1056,1,1056,1,1954,2005,0.0,0,480,1.0,80.0,390,0,0
144000,6,1056,2,1056,0,1980,1980,0.0,0,1056,1.0,64.0,264,0,56
93000,5,1387,1,811,2,1954,1954,0.0,0,0,1.0,50.0,0,576,0
264561,8,1567,3,1520,2,2006,2006,0.0,1,1154,2.0,53.0,312,0,0
274000,8,1518,2,1518,1,2003,2004,472.0,1,1218,2.0,62.0,185,0,140
345000,8,2704,2,1952,2,1972,1995,0.0,3,1410,1.0,75.0,269,704,111
152000,5,1620,2,780,2,1969,1969,263.0,0,493,1.0,80.0,208,840,0
370878,9,1766,3,1766,2,2009,2009,162.0,1,1121,2.0,85.0,195,0,130
98300,5,1048,2,0,1,1950,1950,0.0,0,0,1.0,60.0,0,0,27
155000,6,1094,2,1094,1,1953,1953,216.0,2,500,1.0,85.0,0,0,0
155000,6,1839,2,756,1,1966,1966,351.0,1,0,1.0,70.0,0,788,124
108000,4,1510,1,755,1,1940,1950,0.0,1,0,1.0,60.0,120,755,0
191000,7,1716,2,880,2,1996,1996,0.0,1,0,2.0,70.0,0,807,120
135000,6,1469,1,756,1,1906,1995,0.0,0,0,1.0,60.0,57,713,0
350000,8,2113,3,2109,2,1995,1995,660.0,1,1696,2.0,91.0,236,0,46
88000,6,1092,1,525,1,1971,1971,381.0,0,0,1.0,21.0,0,567,0
145500,5,1053,1,1053,1,1959,2006,54.0,0,806,1.0,72.0,0,0,0
149000,7,1502,1,776,1,1931,2000,0.0,1,0,0.0,60.0,0,651,0
97500,6,1458,1,912,1,1948,1950,0.0,1,0,1.0,78.0,192,546,0
167000,5,1486,2,1486,1,1964,1999,0.0,0,637,2.0,75.0,0,0,0
402000,8,2448,3,1629,2,1994,2005,528.0,1,1361,2.0,52.0,517,762,76
110000,6,1392,2,1392,1,1968,1968,216.0,2,0,1.0,120.0,0,0,0
137500,4,1181,2,1138,2,1972,1972,0.0,0,920,1.0,90.0,0,0,0
423000,8,2097,3,2077,1,2005,2006,0.0,1,1721,2.0,49.0,192,0,267
230500,8,1936,2,1406,2,2000,2000,40.0,1,0,2.0,106.0,188,482,124
193500,6,1679,2,1408,2,1994,1998,258.0,1,1138,2.0,65.0,224,0,42
137500,4,1180,1,700,1,1922,1950,0.0,1,0,0.0,80.0,0,0,0
173500,6,1476,2,738,2,2005,2005,0.0,0,193,2.0,64.0,100,738,35
103600,6,1369,1,672,2,1925,1950,0.0,0,551,0.0,54.0,147,672,0
257500,6,1839,2,1477,2,1957,2004,106.0,2,1186,2.0,110.0,0,0,87
140000,6,1136,1,1136,1,1965,1965,0.0,1,892,1.0,80.0,426,0,0
148500,6,1441,2,855,2,1978,1978,0.0,1,311,1.0,24.0,28,586,0
87000,4,1774,3,1095,2,1900,1950,0.0,0,0,0.0,60.0,0,679,0
109500,5,792,1,768,1,1924,2006,0.0,0,0,0.0,52.0,316,0,0
372500,8,2046,3,2046,2,2008,2008,464.0,1,0,2.0,80.0,322,0,82
143000,6,923,1,923,2,1980,1980,0.0,1,543,1.0,50.0,80,0,0
159434,5,1520,1,793,1,1932,2000,0.0,0,182,0.0,55.0,0,672,0
285000,9,1668,3,1626,2,2002,2002,215.0,1,1059,2.0,90.0,257,0,45
221000,7,1839,2,1195,2,1998,1998,30.0,0,0,2.0,58.0,0,644,81
227875,7,1761,2,874,3,2007,2007,0.0,0,0,2.0,84.0,144,887,105
392000,8,1419,2,1419,2,2007,2007,0.0,1,945,2.0,60.0,140,0,0
194700,6,1362,2,1362,2,2005,2006,256.0,1,20,2.0,61.0,192,0,28
755000,10,4316,3,2444,3,1994,1995,1170.0,2,1455,2.0,104.0,382,1872,50
335000,7,2519,2,1210,2,1989,1990,293.0,2,965,2.0,42.0,320,1281,27
108480,5,1073,1,1073,1,1921,1968,0.0,0,0,0.0,60.0,0,0,0
141500,5,1539,2,927,1,1936,1950,0.0,0,0,0.0,51.0,112,472,0
176000,6,1137,2,1112,2,1987,1987,72.0,1,980,1.0,54.0,125,0,0
89000,5,616,1,616,1,1921,1950,0.0,0,616,1.0,50.0,0,0,0
123500,5,1148,1,980,1,1952,1952,0.0,0,210,2.0,57.0,0,0,0
138500,5,894,1,894,1,1965,2009,0.0,1,553,1.0,65.0,416,0,144
196000,7,1391,2,1391,2,2004,2004,0.0,0,16,2.0,59.0,156,0,158
312500,8,1800,3,1800,2,2002,2002,630.0,1,1274,2.0,85.0,270,0,78
140000,7,1164,2,1164,1,1969,1969,168.0,0,0,1.0,80.0,0,0,0
361919,8,2576,3,1234,2,2006,2006,466.0,1,0,2.0,82.0,324,1312,100
140000,5,1812,2,360,2,1900,1996,0.0,1,0,0.0,76.0,344,780,0
213000,7,1484,2,1473,2,2004,2005,109.0,0,712,2.0,70.0,0,0,35
254000,8,1324,2,1324,2,2006,2006,176.0,1,863,2.0,48.0,192,0,38
179540,7,1456,2,728,2,2007,2007,0.0,1,0,2.0,65.0,100,728,24
102776,4,1178,1,859,1,1900,1950,0.0,0,0,4.0,66.0,68,319,0
189000,8,1228,2,1228,2,1988,1989,0.0,1,767,2.0,40.0,168,0,120
129000,4,960,2,960,1,1970,1970,160.0,0,789,1.0,60.0,0,0,288
165000,6,1350,2,1064,2,1974,1974,174.0,1,0,1.0,78.0,0,0,0
159500,7,2554,2,718,1,1890,1998,0.0,0,0,0.0,60.0,0,978,48
157000,5,1178,2,1176,1,1973,2000,0.0,1,1084,1.0,80.0,224,0,0
341000,7,2418,3,1311,2,1993,1994,651.0,1,1173,2.0,96.0,250,1093,154
128500,5,971,1,971,1,1969,1969,0.0,1,523,1.0,69.0,0,0,0
124500,4,864,2,864,1,1970,1970,0.0,0,191,1.0,70.0,0,0,0
135000,4,1470,1,941,2,1954,1972,0.0,0,0,2.0,60.0,0,473,0
320000,9,1698,3,1698,2,2007,2008,340.0,1,1234,2.0,86.0,327,0,64
120500,4,864,2,864,1,1970,1970,0.0,0,375,1.0,60.0,96,0,0
194500,7,1232,2,1232,2,2007,2007,82.0,0,724,2.0,64.0,132,0,0
110000,5,1776,3,1584,2,1958,1958,95.0,0,0,1.0,85.0,0,0,25
103000,4,1208,2,780,1,1925,1950,0.0,0,152,1.0,52.0,0,0,23
236500,8,1616,2,1595,2,1995,1996,0.0,1,1180,2.0,39.0,237,0,152
187500,7,1146,2,868,2,2003,2003,442.0,1,786,2.0,73.0,160,0,22
222500,7,2031,2,1153,2,1998,1999,202.0,1,252,2.0,75.0,192,878,84
131400,5,1144,1,864,1,1961,1983,0.0,1,594,1.0,80.0,165,0,0
163000,7,1768,2,880,1,1914,1970,0.0,2,390,0.0,60.0,0,888,341
93500,3,1040,2,0,2,1950,1950,0.0,0,0,1.0,60.0,0,0,0
239900,8,1801,3,893,2,2005,2005,0.0,1,0,2.0,72.0,0,900,116
190000,7,1728,2,864,2,2004,2004,0.0,0,0,2.0,65.0,187,864,56
132000,5,1432,2,264,2,1910,2002,0.0,0,0,0.0,60.0,270,664,0
142000,6,912,1,912,1,1961,1996,0.0,0,832,1.0,65.0,168,0,0
179000,7,1349,2,1349,2,2000,2001,108.0,0,0,2.0,65.0,120,0,55
175000,5,1464,2,520,2,1963,1999,0.0,1,444,1.0,70.0,302,0,0
180000,8,1337,2,1337,2,1993,1993,0.0,1,733,2.0,41.0,96,0,0
265979,7,2640,4,1240,1,1880,2003,0.0,1,0,4.0,65.0,181,1320,0
260400,7,1720,2,1720,2,1996,1996,338.0,1,919,2.0,59.0,240,0,56
98000,4,1529,1,0,2,1945,1950,0.0,0,0,3.0,50.0,92,441,0
217000,6,1494,2,1479,2,1997,1997,0.0,0,1200,2.0,79.0,168,0,27
275500,8,2098,3,1030,2,2005,2005,178.0,1,0,2.0,80.0,192,1060,52
156000,6,1026,2,1026,1,1969,2005,0.0,0,439,1.0,61.0,171,0,48
172500,6,1471,2,729,2,1999,1999,894.0,0,381,2.0,34.0,0,729,24
212000,8,1768,2,866,2,2007,2007,0.0,0,20,2.0,68.0,144,902,105
179400,7,1501,2,744,2,1999,1999,360.0,0,549,2.0,24.0,0,744,0
290000,8,2531,3,1318,2,1995,1995,513.0,1,56,2.0,65.0,222,1203,98
127500,6,864,1,864,1,1959,1959,0.0,0,612,1.0,70.0,0,0,0
100000,5,1301,2,1145,1,1924,1950,0.0,0,405,2.0,60.0,0,0,0
215200,7,1547,2,756,2,2009,2009,0.0,0,24,2.0,72.0,169,783,45
337000,8,2365,3,1252,2,1999,1999,673.0,1,1163,2.0,82.0,0,1097,128
270000,8,1494,2,1494,1,1995,1996,0.0,1,437,2.0,30.0,0,0,30
264132,9,1506,2,1498,2,2008,2008,284.0,1,0,2.0,75.0,0,0,174
196500,7,1714,2,980,2,1988,1988,42.0,1,394,1.0,80.0,228,734,66
160000,6,1750,1,983,2,1940,1985,0.0,0,660,1.0,75.0,245,767,0
216837,7,1836,2,1860,2,2004,2005,0.0,1,24,2.0,70.0,120,0,33
538000,8,3279,3,1650,3,2003,2003,603.0,1,1416,2.0,47.0,503,1589,36
102000,4,1220,2,836,1,1951,1951,0.0,0,836,1.0,67.0,0,0,0
107000,6,1117,2,1029,1,1976,1976,0.0,1,422,1.0,94.0,144,0,0
114500,5,912,1,912,1,1958,1958,1.0,0,456,1.0,70.0,0,0,0
395000,8,1973,3,1935,2,2006,2006,375.0,1,0,2.0,110.0,315,0,45
162000,6,1204,2,1204,2,1998,1998,320.0,0,866,2.0,32.0,0,0,247
221500,7,1614,3,1614,2,2005,2006,240.0,0,20,2.0,86.0,144,0,59
142500,5,894,2,864,1,1974,1974,0.0,1,762,1.0,100.0,241,0,0
144000,5,2020,2,0,2,1977,1977,320.0,2,0,3.0,60.0,0,0,0
135000,6,1004,2,975,1,1977,1977,90.0,0,975,1.0,78.0,0,0,0
176000,7,1253,2,1237,2,1995,1996,38.0,1,0,2.0,63.0,220,0,21
175900,6,1603,2,761,2,1992,1992,0.0,0,387,2.0,65.0,0,793,124
187100,7,1430,2,1413,2,2001,2002,0.0,0,0,2.0,67.0,0,0,33
139000,5,1652,1,686,2,1915,1950,0.0,0,686,2.0,60.0,0,686,0
233000,7,2084,2,956,2,2004,2004,0.0,0,656,2.0,76.0,0,1128,45
107900,4,901,1,901,1,1954,2000,0.0,0,0,1.0,50.0,0,0,0
160200,7,1145,2,1145,2,2005,2006,11.0,1,16,2.0,43.0,100,0,16
269790,7,2013,2,1117,2,1996,1997,0.0,1,862,2.0,92.0,180,886,130
225000,8,1496,2,1496,2,2007,2007,140.0,0,0,2.0,76.0,168,0,130
171000,6,1564,2,650,2,1980,1981,130.0,1,0,1.0,70.0,0,676,50
143500,6,1285,2,660,1,1977,1977,148.0,1,0,1.0,71.0,138,0,0
110000,5,773,1,773,1,1953,1953,0.0,0,570,1.0,57.0,0,0,0
485000,9,3140,3,1926,3,2008,2009,860.0,2,0,2.0,104.0,144,1174,78
175000,5,1768,1,731,1,1937,1950,252.0,2,569,0.0,60.0,0,787,0
200000,6,1688,2,616,2,1997,1997,0.0,0,462,2.0,79.0,403,1072,114
109900,4,1196,2,1196,1,1916,1990,0.0,0,197,1.0,40.0,0,0,0
189000,7,1456,2,728,2,2005,2005,0.0,1,648,2.0,63.0,36,728,18
582933,9,2822,3,1734,3,2008,2009,424.0,1,0,2.0,107.0,52,1088,170
118000,5,1128,1,936,1,1954,1954,0.0,0,812,1.0,75.0,0,0,0
227680,7,1428,2,1417,2,2008,2008,256.0,0,0,2.0,91.0,0,0,60
135500,5,980,1,980,2,1967,1967,0.0,0,400,2.0,75.0,68,0,0
223500,5,1576,2,1324,1,1923,2004,0.0,1,1309,1.0,144.0,0,504,312
159950,5,1086,2,1024,1,1966,1966,1047.0,1,516,1.0,85.0,0,0,0
106000,5,2138,2,849,2,1898,1965,0.0,0,0,2.0,90.0,40,1063,156
181000,6,1309,2,1040,1,1974,1999,99.0,1,663,1.0,78.0,265,0,0
55993,5,1044,2,540,1,1952,1952,0.0,0,0,1.0,66.0,0,0,0
157900,6,1442,1,1442,1,1958,1958,243.0,0,608,1.0,75.0,0,0,0
116000,5,1250,1,686,1,1918,1950,0.0,0,0,0.0,45.0,207,564,0
224900,7,1661,2,1649,2,1998,1998,442.0,0,0,2.0,48.0,0,0,34
155000,6,1052,2,1010,1,1971,1971,80.0,0,504,1.0,80.0,0,0,0
224000,7,1358,2,1358,2,2009,2010,128.0,1,733,2.0,44.0,192,0,35
183000,7,1640,2,798,2,2003,2003,0.0,0,0,2.0,72.0,0,842,45
93000,4,936,2,936,1,1953,1953,0.0,0,0,1.0,60.0,0,0,32
139500,6,1489,1,778,2,1940,1950,0.0,1,0,0.0,60.0,335,545,0
232600,8,1489,2,1489,2,2006,2006,0.0,1,0,2.0,81.0,0,0,140
385000,10,2084,3,2078,2,2007,2008,816.0,1,1636,2.0,114.0,188,0,45
189000,7,1434,2,1454,2,2001,2001,0.0,1,20,2.0,65.0,290,0,39
147400,7,1223,2,600,2,2005,2005,0.0,0,0,2.0,24.0,0,623,166
166000,6,1392,2,1392,1,1957,1957,387.0,2,1040,1.0,80.0,0,0,0
151000,7,1200,2,600,2,2005,2005,0.0,0,0,2.0,30.0,0,600,166
237000,7,1829,2,941,2,2003,2003,223.0,1,483,2.0,44.0,192,888,39
167000,6,1516,2,1516,1,1964,1964,180.0,0,196,1.0,100.0,0,0,0
139950,5,1144,2,1144,1,1961,1961,136.0,0,572,1.0,75.0,0,0,0
128000,4,1067,2,1067,2,1950,1995,0.0,0,442,1.0,60.0,290,0,0
153500,5,1559,2,1559,1,1948,1973,0.0,0,338,0.0,90.0,0,0,116
100000,6,987,1,483,1,1973,1973,158.0,0,330,1.0,21.0,0,504,0
144000,5,1099,1,1099,1,1995,2006,0.0,0,0,2.0,75.0,278,0,0
130500,5,1200,1,768,1,1946,1995,0.0,0,352,1.0,70.0,0,432,0
157500,5,1539,2,650,2,1904,2002,0.0,1,0,2.0,60.0,70,581,78
174900,6,1165,2,1127,1,1966,1966,183.0,0,312,1.0,82.0,0,0,129
153900,5,1416,3,876,1,1915,1950,0.0,1,0,0.0,100.0,418,540,0
213000,7,1775,2,740,2,1993,1993,137.0,1,513,2.0,75.0,234,769,72
133500,5,864,1,864,1,1972,1972,0.0,1,460,1.0,36.0,0,0,0
240000,6,2358,2,907,3,1908,1997,0.0,1,0,0.0,75.0,486,1051,40
187000,6,1855,2,528,2,1976,1994,360.0,1,0,1.0,80.0,113,761,100
131500,6,848,2,848,1,2003,2003,170.0,0,659,2.0,36.0,140,0,0
164000,7,1646,1,918,2,1941,1950,0.0,2,364,1.0,53.0,0,728,0
170000,5,1779,2,1763,1,1955,1974,0.0,1,306,1.0,102.0,0,0,418
174000,6,1481,2,702,2,1994,1995,0.0,1,0,2.0,65.0,0,779,36
152000,7,1370,2,1090,2,1976,1976,189.0,1,0,1.0,80.0,0,0,0
189950,7,1426,1,912,1,1918,1998,0.0,1,0,0.0,55.0,0,514,240
131500,5,1039,2,1039,1,1965,1965,0.0,0,841,2.0,75.0,0,0,0
152000,6,1097,2,1040,2,1984,1985,0.0,0,338,2.0,81.0,0,0,0
132500,5,1148,1,1148,1,1959,1959,0.0,0,1148,1.0,70.0,0,0,0
250580,7,1372,2,1372,2,2007,2008,0.0,0,0,2.0,72.0,0,0,140
248900,8,1646,3,1638,2,2006,2007,274.0,1,0,2.0,67.0,192,0,80
129000,4,1120,2,1040,1,1961,1961,0.0,0,932,1.0,85.0,168,0,0
236000,7,1949,2,1050,2,1993,1994,246.0,1,750,2.0,80.0,156,887,90
109500,5,894,1,894,1,1962,1962,0.0,0,0,1.0,60.0,0,0,0
200500,6,1682,2,804,2,1998,1998,116.0,0,505,2.0,70.0,0,878,77
116000,5,910,2,105,1,1953,1996,0.0,0,0,4.0,74.0,196,0,0
133000,5,1268,1,832,1,1949,1950,0.0,1,375,1.0,60.0,0,0,28
66500,5,1131,1,676,1,1941,1950,0.0,0,0,1.0,52.0,26,455,0
303477,8,2610,2,1184,2,2007,2007,0.0,1,64,2.0,75.0,208,1426,364
132250,4,1040,2,1064,1,1963,1963,0.0,0,633,2.0,94.0,0,0,0
350000,9,2224,3,1462,2,2004,2005,216.0,1,1170,2.0,74.0,184,762,0
148000,5,1155,2,1109,1,1961,1995,0.0,0,899,1.0,88.0,192,0,0
157000,5,1090,2,1090,1,2005,2006,0.0,0,980,2.0,60.0,0,0,49
187500,7,1717,2,1156,2,1990,1991,117.0,1,902,1.0,44.0,168,530,36
118500,4,2230,1,795,1,1912,1950,0.0,0,0,2.0,60.0,0,795,188
100000,5,892,1,892,1,1967,1967,60.0,0,432,1.0,65.0,0,0,0
328900,9,1709,2,1698,2,1999,2000,60.0,1,1238,2.0,50.0,97,0,65
145000,5,1712,2,1626,2,1959,2005,122.0,0,528,1.0,70.0,272,0,54
135500,5,1393,1,816,1,1955,1955,0.0,0,0,2.0,59.0,121,521,0
268000,8,2217,2,2217,2,1970,1970,0.0,1,351,2.0,95.0,81,0,207
149500,6,1505,2,1505,1,1953,1953,90.0,1,1024,1.0,128.0,0,0,0
122900,5,924,2,672,1,1949,2006,0.0,1,0,1.0,60.0,0,252,0
172500,6,1683,2,918,2,1978,1978,92.0,1,226,1.0,70.0,243,765,0
154500,6,1068,1,1059,1,1963,2003,0.0,0,663,1.0,70.0,192,0,0
118858,5,1535,2,0,2,1979,1979,0.0,0,0,3.0,64.0,0,0,0
140000,6,1796,2,780,1,1963,1963,415.0,1,400,1.0,71.0,0,813,50
106500,4,951,1,951,1,1936,1950,0.0,0,285,0.0,50.0,0,0,28
142953,5,2240,2,0,2,1979,1979,0.0,0,0,3.0,64.0,154,1120,0
611657,9,2364,3,2330,2,2009,2010,760.0,2,2188,2.0,100.0,0,0,67
135000,5,1236,1,912,1,1961,1994,0.0,1,465,1.0,65.0,0,0,0
153000,5,1306,1,992,1,1957,2000,0.0,0,860,1.0,64.0,0,0,0
180000,7,1509,2,783,2,2003,2003,0.0,1,0,2.0,63.0,0,702,75
240000,7,1670,3,1670,2,2006,2006,27.0,1,0,2.0,50.0,144,0,60
128000,5,1063,1,1056,1,1954,1954,110.0,0,354,1.0,80.0,0,0,0
255000,8,1636,3,1623,2,2006,2006,208.0,1,63,2.0,116.0,0,0,60
250000,7,2057,1,1017,1,1936,1987,0.0,1,223,1.0,86.0,0,1037,0
174000,6,1484,2,742,2,2005,2005,0.0,1,0,2.0,149.0,36,742,24
154300,5,2274,2,1105,2,1960,1960,361.0,0,443,1.0,80.0,0,1169,0
88000,5,1015,1,768,1,1925,1950,0.0,0,489,0.0,51.0,0,0,0
145000,5,2002,3,1001,2,1949,1950,0.0,0,284,1.0,82.0,0,1001,0
173733,6,1224,2,612,2,2009,2009,76.0,0,294,2.0,30.0,0,612,234
75000,4,1092,1,546,1,1970,1970,80.0,0,0,1.0,21.0,0,546,0
35311,2,480,1,480,0,1949,1950,0.0,0,50,1.0,50.0,0,0,0
238000,7,2127,3,1104,2,1991,1991,0.0,1,48,2.0,103.0,72,1215,192
176500,6,1414,2,1184,1,1958,2002,0.0,1,528,1.0,87.0,0,0,51
201000,6,1721,2,928,2,1994,1994,105.0,0,814,2.0,70.0,300,785,87
169990,6,1316,2,1316,2,2005,2006,0.0,1,28,2.0,65.0,100,0,0
193000,6,1617,2,1604,2,1993,1994,0.0,1,165,2.0,50.0,0,0,69
207500,6,1686,2,1686,2,1980,1980,157.0,1,625,1.0,79.0,384,0,131
285000,8,2374,3,1181,2,2003,2004,340.0,1,0,2.0,93.0,104,1140,100
201000,8,1466,3,1466,2,2007,2007,0.0,0,16,2.0,73.0,100,0,18
117500,5,925,1,925,1,1965,1965,0.0,0,338,1.0,70.0,0,0,0
320000,9,1905,3,1905,2,2006,2006,302.0,1,0,2.0,84.0,0,0,191
190000,7,1500,2,1500,2,2004,2004,210.0,0,20,2.0,63.0,192,0,36
242000,7,2069,2,585,2,1960,2007,0.0,1,425,1.0,313.0,0,0,0
79900,4,747,2,600,1,1926,1953,108.0,0,0,2.0,52.0,0,0,0
253000,7,1971,2,1113,2,2005,2005,0.0,1,341,2.0,75.0,0,858,48
239799,7,1962,3,1391,2,2006,2006,0.0,0,464,2.0,73.0,0,571,90
150900,6,1728,2,1728,2,1976,1976,0.0,0,936,1.0,55.0,40,0,0
143000,5,1632,2,1632,2,1967,1967,0.0,0,0,1.0,100.0,0,0,0
124900,5,1869,2,1088,1,1890,1996,0.0,0,1088,0.0,98.0,48,561,0
143000,5,1144,1,1144,1,1959,1959,128.0,1,748,1.0,70.0,86,0,0
270000,8,1629,3,1616,2,2002,2003,236.0,1,1300,2.0,85.0,0,0,252
192500,7,1776,2,936,2,2002,2002,144.0,1,0,2.0,65.0,144,840,96
197500,6,1381,2,1161,1,1972,2006,0.0,1,982,1.0,78.0,0,0,0
129000,5,864,2,864,1,1950,2002,0.0,0,398,1.0,60.0,194,0,0
119900,5,965,1,828,1,1965,1965,0.0,0,641,1.0,60.0,421,0,0
133900,5,768,1,768,1,1972,2003,0.0,0,660,1.0,60.0,192,0,0
145000,6,1958,2,979,2,1946,1950,423.0,0,484,1.0,82.0,0,979,0
124000,6,1229,2,561,1,1980,1980,0.0,1,285,1.0,24.0,150,668,0
132000,5,1057,2,1057,1,1962,1962,0.0,0,417,1.0,70.0,0,0,0
185000,7,1337,2,1337,2,2003,2003,0.0,0,699,2.0,65.0,0,0,39
155000,7,1416,2,696,2,1999,1999,0.0,0,604,2.0,24.0,0,720,44
155000,6,1548,2,804,2,1976,1976,0.0,1,556,1.0,24.0,48,744,0
239000,9,1800,2,1800,2,2007,2007,0.0,0,0,2.0,122.0,288,0,136
214900,7,1894,2,817,2,2002,2003,44.0,1,624,2.0,80.0,0,1070,40
178900,6,1484,2,783,2,2005,2007,0.0,1,0,2.0,65.0,0,701,72
160000,5,1308,1,728,1,1940,1950,0.0,2,428,0.0,130.0,0,332,70
140000,6,1095,1,588,1,1958,1958,105.0,0,513,1.0,75.0,0,0,0
173000,7,1626,2,764,2,2003,2004,106.0,0,567,2.0,36.0,0,862,27
99500,6,918,1,918,2,1979,1979,0.0,1,0,1.0,55.0,28,0,0
167500,7,2019,2,728,1,1910,1993,0.0,0,0,0.0,60.0,509,883,135
110000,4,894,2,894,1,1954,1954,0.0,0,552,1.0,68.0,0,0,0
139000,5,1121,2,1121,1,1963,1963,0.0,0,651,2.0,80.0,0,0,80
336000,8,2612,3,1225,2,1998,1999,975.0,1,854,2.0,98.0,250,1336,0
159895,7,1266,2,1266,2,2007,2007,16.0,1,0,2.0,43.0,100,0,16
126000,5,1734,2,0,2,1977,1977,0.0,0,0,1.0,75.0,0,432,0
125000,5,1164,1,1164,1,1950,1950,0.0,0,1040,1.0,68.0,0,0,48
117000,6,1635,1,485,1,1910,2003,0.0,0,0,1.0,59.0,394,634,0
395192,9,1940,3,1930,2,2009,2010,450.0,1,1646,2.0,83.0,168,0,95
197000,7,1576,2,770,2,2006,2006,0.0,0,0,2.0,65.0,0,798,50
348000,8,2392,3,1396,2,1997,1998,423.0,1,1074,2.0,82.0,0,985,70
168000,8,1742,2,916,1,1882,1986,0.0,1,216,0.0,121.0,0,826,169
187000,6,1851,2,822,2,1964,1993,340.0,1,536,1.0,80.0,239,831,42
173900,6,1500,2,750,2,2005,2006,0.0,0,0,2.0,68.0,0,750,35
337500,10,1718,3,1700,2,2006,2007,230.0,1,1172,2.0,96.0,216,0,48
121600,4,1230,1,747,1,1946,1950,0.0,0,384,1.0,51.0,0,456,57
91000,3,1077,1,1007,1,1922,1950,0.0,1,0,0.0,60.0,0,0,100
206000,7,1208,2,1187,2,2006,2006,24.0,0,686,2.0,64.0,105,0,61
82000,3,944,2,0,1,1952,1952,0.0,0,0,3.0,74.0,0,0,0
86000,5,691,1,691,1,1920,1950,0.0,0,0,0.0,60.0,0,0,20
232000,8,1574,3,1574,2,2006,2006,53.0,1,24,2.0,75.0,144,0,104
181000,7,1504,2,1346,2,2005,2006,16.0,1,16,2.0,43.0,156,0,0
149900,5,985,1,985,2,1977,1977,220.0,0,595,1.0,65.0,210,0,0
88000,4,1092,1,546,1,1970,1970,0.0,0,273,1.0,21.0,238,546,0
240000,7,1710,2,1710,2,2004,2005,108.0,1,0,2.0,43.0,100,0,48
135000,5,1271,1,720,2,1948,1950,0.0,1,0,1.0,115.0,0,551,0
165000,6,1502,1,602,1,1923,1996,0.0,2,0,2.0,55.0,96,602,0
85000,5,1022,1,1022,1,1910,2006,0.0,0,247,0.0,60.0,0,0,30
119200,6,1082,1,1082,1,1948,1950,206.0,1,336,1.0,60.0,0,0,130
227000,8,1665,2,810,2,2001,2001,0.0,0,643,2.0,70.0,0,855,45
203000,7,1504,2,1504,2,1996,1996,196.0,1,690,2.0,73.0,115,0,66
213490,7,1506,2,1362,2,2005,2005,145.0,1,16,2.0,43.0,142,0,20
176000,4,1132,2,1132,1,2005,2005,0.0,0,1024,2.0,60.0,252,0,64
194000,7,1220,2,1199,2,2006,2006,84.0,0,684,2.0,64.0,105,0,54
87000,5,1248,1,912,1,1930,1950,0.0,0,324,1.0,52.0,0,336,0
191000,7,1504,2,1346,2,2005,2006,14.0,1,16,2.0,43.0,156,0,20
112500,5,882,2,882,1,1972,1972,0.0,0,138,1.0,70.0,96,0,0
167500,5,1264,2,1268,1,1960,1960,324.0,2,697,1.0,73.0,0,0,0
293077,8,1646,3,1638,2,2007,2008,338.0,1,1513,2.0,71.0,192,0,44
105000,5,1376,1,768,1,1941,1950,0.0,1,368,1.0,79.0,0,408,0
118000,6,1218,1,672,1,1972,1972,281.0,0,317,1.0,21.0,0,546,28
197000,7,3082,2,824,2,1920,1970,0.0,2,523,0.0,102.0,136,998,63
119750,5,954,1,920,1,1938,1950,0.0,1,0,2.0,50.0,0,0,0
315500,9,1620,3,1620,2,2007,2008,70.0,1,1022,2.0,89.0,228,0,0
80000,4,630,1,630,1,1970,1970,0.0,0,509,1.0,21.0,0,0,0
155000,5,1803,2,1134,2,1957,2000,67.0,1,168,1.0,88.0,0,0,0
196000,6,1306,2,1306,2,2005,2005,135.0,1,900,2.0,34.0,170,0,63
262280,7,2329,2,1475,2,1990,1990,99.0,1,1085,2.0,86.0,192,797,121
278000,8,2524,2,2524,2,1981,1981,0.0,1,1104,2.0,80.0,474,0,120
556581,9,2868,3,1992,3,2005,2006,208.0,1,240,2.0,85.0,214,876,108
145000,5,990,2,990,1,1994,1995,0.0,0,686,2.0,57.0,0,0,0
115000,5,1771,2,0,1,1960,2006,75.0,1,0,3.0,100.0,0,0,0
84900,4,930,1,0,1,1946,2006,0.0,0,0,1.0,60.0,0,0,0
176485,7,1302,2,1302,2,2007,2007,0.0,0,0,2.0,73.0,0,0,22
200141,7,1316,2,1316,2,2007,2007,0.0,1,0,2.0,103.0,0,0,20
165000,6,1977,2,816,1,1964,1978,272.0,1,442,1.0,100.0,0,850,52
144500,5,1526,1,1216,1,1957,2002,145.0,1,383,1.0,68.0,116,0,78
255000,8,1989,2,1065,2,2002,2002,210.0,1,932,2.0,90.0,199,898,60
180000,6,1523,2,1193,2,1976,1976,160.0,1,644,1.0,104.0,0,0,0
185850,7,1364,2,1364,2,2005,2005,240.0,1,659,2.0,43.0,192,0,36
335000,9,2184,3,1104,2,2008,2008,154.0,1,936,2.0,96.0,0,1054,102
213500,8,1338,2,1338,2,2001,2001,0.0,0,616,2.0,41.0,0,0,0
81000,3,894,3,894,1,1935,1950,0.0,0,0,1.0,120.0,0,0,20
90000,5,2337,2,662,2,1900,1950,0.0,0,0,0.0,85.0,0,915,57
110500,6,1103,2,1103,1,1925,1980,0.0,1,397,0.0,50.0,166,0,120
328000,7,2260,2,1306,2,1996,1997,0.0,0,1201,2.0,80.0,296,954,44
178000,6,1571,2,799,2,1993,1994,0.0,1,0,2.0,59.0,0,772,40
167900,6,1611,2,780,1,1964,1964,360.0,0,674,1.0,80.0,328,813,128
151400,6,2521,2,942,2,1973,1973,0.0,1,837,1.0,42.0,728,1230,20
135000,5,893,2,845,1,1949,2003,0.0,0,220,1.0,60.0,0,0,0
135000,5,1048,1,1048,1,1956,1956,120.0,0,586,1.0,72.0,0,0,20
154000,6,1556,2,727,1,1968,1968,0.0,0,298,1.0,78.0,0,727,0
91500,5,1456,1,810,1,1948,1950,0.0,1,0,1.0,50.0,0,454,0
159500,6,1426,2,690,1,1977,1977,140.0,0,535,1.0,75.0,252,728,0
194000,7,1240,3,1240,2,2006,2006,0.0,0,0,2.0,74.0,140,0,93
219500,7,1740,1,800,1,1940,1984,0.0,2,410,1.0,75.0,0,780,0
170000,5,1466,2,796,2,1936,1989,0.0,1,626,1.0,60.0,436,370,21
155900,6,848,2,848,1,2004,2004,169.0,1,662,2.0,37.0,140,0,0
126000,5,990,1,990,1,1994,1994,0.0,0,495,2.0,65.0,0,0,64
145000,6,1258,2,1258,2,1971,2004,144.0,0,656,1.0,80.0,55,0,0
133000,5,1040,1,1040,1,1963,1963,0.0,0,824,1.0,75.0,0,0,0
192000,7,1459,2,1459,2,2002,2002,100.0,1,0,2.0,70.0,192,0,39
160000,6,1251,1,1251,1,1964,1964,425.0,2,553,1.0,80.0,0,0,116
147000,6,996,2,936,1,1992,1992,0.0,0,747,2.0,73.0,120,0,0
252000,8,1953,3,1082,2,2005,2006,0.0,1,0,2.0,85.0,160,871,50
137500,7,1709,2,970,2,2004,2004,50.0,0,0,2.0,24.0,0,739,40
197000,8,1247,2,1247,1,2005,2005,0.0,1,1039,2.0,37.0,0,0,84
92900,3,1040,2,0,2,1950,1950,0.0,0,0,3.0,60.0,0,0,0
160000,7,1252,2,600,2,1999,2000,212.0,0,510,2.0,24.0,0,628,48
136500,6,1694,2,1181,2,1925,1950,0.0,1,423,2.0,60.0,342,304,0
146000,5,1200,2,864,1,1965,1998,166.0,0,661,1.0,71.0,0,0,64
129000,5,936,1,936,1,1956,2000,0.0,0,248,1.0,74.0,0,0,0
176432,6,1314,2,1314,2,2006,2006,0.0,1,24,2.0,78.0,0,0,22
128000,4,1324,1,672,1,1936,1950,0.0,0,672,0.0,50.0,0,567,0
157000,7,1601,2,1271,2,1978,1978,206.0,1,704,1.0,82.0,0,0,0
60000,2,438,1,290,1,1920,1950,0.0,0,290,1.0,60.0,0,0,0
119500,5,950,1,950,1,1971,1971,0.0,0,412,1.0,61.0,0,0,0
135000,5,1134,1,1010,1,1960,2002,45.0,0,588,1.0,70.0,0,0,16
159500,6,1194,2,655,1,1959,1959,0.0,1,655,1.0,79.0,0,0,0
106000,5,1302,2,630,2,1970,1970,304.0,0,0,1.0,24.0,0,672,0
325000,8,2622,2,1463,2,1994,1995,362.0,2,1032,2.0,98.0,186,1122,32
179900,7,1442,2,910,2,1990,1991,0.0,1,738,2.0,114.0,0,0,244
274725,7,2021,2,868,2,2006,2006,0.0,1,0,2.0,168.0,0,1134,100
280000,8,1836,3,1836,2,2004,2005,42.0,1,1039,2.0,107.0,125,0,185
205000,7,1964,2,803,2,1976,1976,660.0,1,403,1.0,80.0,0,866,69
129900,5,816,1,816,1,1957,1957,0.0,0,708,1.0,73.0,0,0,0
134500,5,1008,1,1008,1,1953,2006,0.0,0,643,1.0,66.0,0,0,18
117000,5,833,1,833,1,1954,2000,0.0,0,415,1.0,90.0,0,0,0
318000,8,1734,3,1734,2,2007,2007,328.0,1,1004,2.0,93.0,0,0,0
130000,5,894,2,894,1,1967,2003,0.0,0,702,1.0,57.0,0,0,0
140000,5,1601,1,533,1,1958,1987,0.0,0,0,1.0,85.0,280,580,34
133700,5,1040,1,1040,1,1959,1959,0.0,0,369,1.0,70.0,140,0,0
118400,6,1012,1,1012,1,1920,1950,0.0,1,0,0.0,59.0,0,0,22
212900,7,1552,3,1552,2,2005,2006,196.0,0,24,2.0,84.0,144,0,20
115000,4,1005,2,1005,1,1955,1955,0.0,1,0,1.0,60.0,0,0,0
174000,7,1555,3,1373,2,2007,2007,130.0,1,0,2.0,53.0,143,0,20
259000,7,1530,3,1530,2,2004,2004,0.0,1,1300,2.0,182.0,144,0,36
215000,7,1959,2,847,2,2004,2005,0.0,1,0,2.0,59.0,100,1112,48
140000,5,936,2,936,1,1980,1980,180.0,0,936,1.0,60.0,49,0,0
135000,4,1981,2,1122,2,1928,1950,0.0,2,622,0.0,65.0,431,653,44
117500,6,2210,1,1008,2,1880,1950,0.0,0,0,0.0,90.0,0,1032,48
239500,8,2020,2,1128,2,1995,1995,0.0,1,584,2.0,80.0,0,878,155
169000,6,1600,2,916,2,1997,1997,0.0,1,0,2.0,57.0,100,684,38
102000,6,986,1,960,1,1926,1950,0.0,1,0,0.0,60.0,0,0,128
119000,6,1252,1,1032,1,1950,1950,0.0,0,280,1.0,80.0,0,220,0
144000,5,1167,2,915,1,1920,1950,0.0,1,645,0.0,98.0,0,0,0
139000,5,952,2,952,1,1951,1951,0.0,0,852,1.0,60.0,0,0,0
424870,8,2828,3,1466,3,2006,2007,340.0,1,1150,2.0,77.0,125,1362,144
80000,4,924,1,672,1,1941,1950,0.0,0,348,0.0,60.0,0,252,0
149000,5,1576,1,1042,1,1928,1950,0.0,1,0,0.0,52.0,0,534,0
174500,7,1564,1,704,1,1941,1950,0.0,1,275,1.0,75.0,0,704,0
143000,7,1482,2,650,1,1920,1988,0.0,0,624,2.0,50.0,0,650,0
124000,6,932,1,932,1,1950,1950,0.0,1,0,1.0,57.0,0,0,0
149900,5,1466,2,1466,1,1959,1959,132.0,2,176,1.0,134.0,0,0,140
230000,6,1811,2,1073,1,1956,2004,0.0,1,296,2.0,90.0,0,0,0
218000,5,1437,2,1437,2,1976,2004,0.0,1,1157,1.0,90.0,0,0,21
179900,5,1265,2,1219,2,1965,1999,0.0,1,633,2.0,85.0,0,0,92
230000,7,1314,2,1314,2,2007,2008,166.0,1,904,2.0,34.0,172,0,62
235128,8,1580,3,1580,2,2007,2008,186.0,0,0,2.0,92.0,0,0,24
185000,6,1876,2,901,2,1974,1974,270.0,1,442,1.0,76.0,0,933,69
146000,6,1456,2,855,2,1978,1978,0.0,1,311,1.0,24.0,26,601,0
129000,5,894,2,894,1,1968,1968,0.0,1,492,1.0,109.0,0,0,0
108959,4,1258,2,1198,0,1969,1969,0.0,0,1198,1.0,60.0,120,0,0
233170,7,1502,2,1502,2,2009,2009,268.0,0,0,2.0,79.0,0,0,114
245350,8,1694,3,1694,2,2008,2008,72.0,0,0,2.0,64.0,160,0,33
173000,6,1671,2,959,2,2000,2000,0.0,1,786,2.0,58.0,0,712,38
235000,6,2108,2,1127,2,1935,1986,0.0,2,626,1.0,120.0,0,872,0
625000,10,3627,3,1930,3,1995,1996,1378.0,1,1387,2.0,118.0,361,1796,76
171000,6,1118,1,1096,1,1977,1977,0.0,1,522,1.0,76.0,203,0,0
163000,6,1261,2,1261,1,1958,1958,0.0,1,662,1.0,76.0,0,0,0
171900,7,1250,2,625,2,2006,2007,0.0,0,0,2.0,35.0,0,625,54
239000,6,2345,2,952,2,1932,1950,0.0,1,503,0.0,80.0,0,1175,0
285000,8,2872,2,1683,2,1992,2000,337.0,1,700,2.0,85.0,0,743,33
119500,5,923,1,876,1,1984,1985,0.0,0,658,1.0,37.0,362,0,0
154900,5,1343,1,731,1,1921,1950,0.0,1,0,0.0,54.0,192,523,0
392500,8,1652,2,1600,2,2008,2008,186.0,1,1480,2.0,64.0,162,0,53
745000,10,4476,3,2396,3,1996,1996,0.0,2,2096,2.0,160.0,171,2065,78
120000,5,1130,2,1120,1,1920,1950,0.0,1,821,0.0,60.0,229,0,0
186700,5,1572,3,1572,1,1963,1963,226.0,2,1159,1.0,50.0,0,0,263
104900,5,1221,1,784,1,1924,1950,0.0,0,392,0.0,60.0,0,272,0
95000,3,1699,2,978,2,1900,1970,0.0,0,440,1.0,107.0,0,685,74
262000,8,1624,3,1624,2,1994,1995,0.0,1,1456,2.0,89.0,0,0,114
195000,7,1660,2,831,2,2002,2002,95.0,0,0,2.0,68.0,144,829,68
189000,7,1804,2,994,2,1999,1999,0.0,1,0,2.0,60.0,140,776,60
174000,8,1441,2,776,2,1999,2000,456.0,0,0,2.0,24.0,206,677,0
125000,5,1472,1,702,1,1925,1994,0.0,0,0,2.0,60.0,0,630,0
158000,6,1352,1,663,1,1969,1969,143.0,0,371,1.0,80.0,379,689,36
176000,6,1456,2,728,2,2005,2005,0.0,0,0,2.0,51.0,100,728,24
219210,7,1863,3,879,2,2006,2006,0.0,1,0,2.0,58.0,100,984,17
144000,7,1690,1,815,1,1916,1950,0.0,1,0,0.0,65.0,0,875,0
178000,7,1212,2,1212,2,2001,2001,0.0,0,0,2.0,70.0,356,0,0
148000,4,1382,2,1051,1,1963,1979,51.0,1,547,1.0,75.0,0,0,82
116050,4,864,1,864,1,1970,1970,0.0,0,0,1.0,71.0,0,0,0
197900,7,1779,2,866,2,1998,1998,0.0,0,0,2.0,80.0,198,913,36
117000,5,1348,1,884,1,1925,1997,0.0,1,0,0.0,50.0,0,464,0
213000,7,1630,2,1630,2,2000,2001,171.0,1,0,2.0,75.0,74,0,234
153500,5,1074,2,1056,1,1975,1975,0.0,0,788,1.0,78.0,0,0,88
271900,7,2196,3,2158,2,1990,1991,234.0,1,485,1.0,90.0,84,0,70
200000,6,1700,2,1682,2,2003,2003,120.0,0,340,2.0,70.0,192,0,23
140000,5,1283,2,931,1,1962,1980,0.0,0,504,1.0,70.0,0,0,0
290000,8,1660,2,1660,2,2006,2006,420.0,1,1220,2.0,85.0,322,0,50
189000,6,1845,2,1055,2,1992,1992,0.0,1,0,2.0,70.0,635,790,104
164000,8,1752,2,559,2,1988,2005,0.0,0,427,5.0,152.0,325,672,12
113000,4,672,1,672,1,1941,1950,0.0,0,344,1.0,50.0,0,0,113
134500,5,999,1,925,1,1962,1962,0.0,0,784,1.0,69.0,150,0,72
125000,5,894,1,894,1,1966,1966,0.0,0,180,1.0,99.0,0,0,0
112000,6,1902,2,0,2,1978,1978,0.0,0,0,3.0,68.0,0,584,0
229456,8,1314,2,1300,2,2009,2009,72.0,0,936,2.0,72.0,135,0,112
115000,5,912,1,912,1,1964,1964,0.0,0,312,1.0,66.0,0,0,0
134000,5,1211,1,952,1,1968,1968,0.0,1,250,1.0,55.0,0,0,63
143000,6,1846,1,1040,2,1949,1950,320.0,1,196,1.0,78.0,0,678,0
137900,5,2136,2,2136,2,1951,1951,44.0,0,756,1.0,89.0,0,0,30
184000,7,1490,2,788,2,2004,2005,0.0,1,724,2.0,60.0,100,702,75
145000,6,1138,1,588,1,1958,1958,63.0,0,507,1.0,65.0,224,0,0
214000,6,1933,3,894,2,2007,2007,74.0,1,0,2.0,86.0,100,1039,18
147000,5,912,2,912,1,1965,2008,300.0,0,595,1.0,72.0,0,0,240
367294,9,1702,3,1702,1,2008,2008,766.0,1,1540,2.0,65.0,0,0,72
127000,5,1507,1,1075,2,1960,1960,0.0,0,666,1.0,70.0,0,0,0
132500,5,1190,2,1106,1,1962,1962,120.0,0,803,1.0,70.0,0,0,18
101800,4,1224,2,0,2,1962,1962,0.0,0,0,3.0,70.0,0,0,0
138887,5,1784,1,747,1,1914,1950,0.0,0,0,0.0,96.0,203,892,40
175500,7,1626,2,764,2,2003,2003,106.0,0,0,2.0,36.0,0,862,27
195000,7,1948,2,847,2,2004,2005,0.0,1,0,2.0,41.0,100,1101,48
142500,6,1141,2,1141,1,2005,2005,0.0,0,0,2.0,63.0,0,0,0
265900,8,1484,2,1476,2,2006,2006,32.0,1,428,2.0,64.0,120,0,33
224900,7,1768,2,884,2,2003,2003,252.0,0,550,2.0,65.0,0,884,63
248328,7,1689,3,1689,2,2007,2007,0.0,0,0,2.0,83.0,0,0,56
170000,7,1173,2,1053,2,1974,1974,81.0,2,885,1.0,85.0,0,0,120
178000,6,1868,2,585,3,1984,2003,74.0,1,0,1.0,78.0,268,728,112
186500,7,1553,2,756,2,2005,2006,0.0,0,0,2.0,65.0,0,797,45
129500,6,2058,2,735,1,1917,1950,0.0,1,319,0.0,60.0,0,924,0
119000,5,988,1,876,1,1950,1950,0.0,0,534,1.0,60.0,0,0,80
244000,7,2110,2,2110,2,1968,1968,0.0,2,1065,1.0,93.0,0,0,0
130000,5,874,1,864,1,1968,1968,0.0,0,510,1.0,62.0,33,0,0
165400,7,1656,2,746,2,2003,2004,92.0,1,0,2.0,60.0,178,896,128
127500,6,1367,1,884,1,1931,1950,0.0,1,425,0.0,52.0,0,408,0
301500,8,1987,2,1986,2,1994,1994,554.0,1,1314,2.0,91.0,262,0,36
190000,7,1166,2,856,2,2005,2005,182.0,0,655,2.0,59.0,212,0,0
151000,6,1054,2,1054,1,1969,1969,0.0,0,602,1.0,65.0,180,0,0
128900,5,1050,1,1050,1,1956,1956,0.0,0,504,1.0,80.0,0,0,0
180500,6,1824,2,764,1,1919,1950,0.0,1,0,2.0,60.0,0,764,0
181000,6,1337,2,1405,2,1998,1999,0.0,0,266,2.0,34.0,144,0,68
183900,7,1452,2,691,2,1999,1999,218.0,0,450,2.0,35.0,0,739,34
122000,7,1889,1,925,1,1910,1950,0.0,1,0,1.0,60.0,0,925,0
378500,9,2018,3,2002,2,2008,2009,0.0,1,0,2.0,89.0,144,0,76
144000,5,1524,1,874,1,1958,1958,180.0,0,460,1.0,78.0,0,650,0
177000,6,1357,1,1019,1,1959,2006,84.0,1,719,1.0,124.0,0,0,0
139000,5,1250,2,661,2,1910,2003,0.0,1,0,2.0,53.0,242,589,0
137000,5,1920,2,928,2,1948,1950,567.0,0,220,1.0,95.0,0,992,0
68400,4,1128,2,698,1,1920,1950,0.0,0,0,1.0,60.0,30,430,0
227000,7,1573,2,1573,2,2002,2002,110.0,0,788,2.0,67.0,0,0,72
180000,7,1339,2,1309,2,1990,1990,54.0,1,1053,1.0,50.0,0,0,58
150500,5,1040,2,1040,2,1977,2008,0.0,0,532,1.0,61.0,0,0,0
169000,6,2447,1,804,2,1919,1990,0.0,1,0,2.0,50.0,272,748,0
132500,6,1412,1,780,1,1939,1950,0.0,1,0,1.0,50.0,45,587,0
278000,8,1659,2,1501,2,2000,2000,0.0,1,1158,2.0,40.0,212,0,59
281000,8,1970,3,1085,2,2006,2006,788.0,1,0,2.0,86.0,177,850,74
119500,5,1302,1,630,2,1972,1972,268.0,0,231,1.0,21.0,185,672,0
107500,5,2372,1,994,2,1892,1965,0.0,0,0,4.0,60.0,0,994,287
162900,7,1664,2,832,2,1976,1976,0.0,1,194,2.0,78.0,0,832,28
115000,5,864,2,864,1,1955,1990,0.0,0,167,1.0,60.0,0,0,0
138500,5,1052,1,1052,1,1968,1968,168.0,0,1016,1.0,70.0,356,0,0
155000,5,1128,2,1120,2,1963,1963,148.0,0,776,1.0,80.0,192,0,20
140000,6,1072,2,547,2,2005,2006,82.0,0,547,2.0,35.0,0,0,44
160000,10,5642,2,6110,2,2008,2008,796.0,3,5644,2.0,313.0,214,950,292
154000,5,1246,1,1246,1,1959,1994,0.0,0,340,1.0,75.0,218,0,0
290000,8,2526,3,1165,2,1994,1994,391.0,1,740,2.0,92.0,309,1323,78
232000,7,1616,3,1616,2,2005,2005,228.0,0,0,2.0,73.0,208,0,59
130000,7,1708,2,976,2,2004,2004,117.0,0,0,2.0,32.0,0,732,40
325000,9,1652,2,1652,2,2006,2007,300.0,2,1572,2.0,108.0,404,0,102
202500,7,1368,2,1368,2,2005,2006,94.0,1,0,2.0,48.0,132,0,35
138000,5,990,2,990,1,1994,1995,0.0,0,746,2.0,60.0,0,0,64
147000,5,1122,2,924,1,1948,2005,0.0,0,144,1.0,100.0,0,0,36
335000,7,1902,2,1902,2,1959,2002,0.0,2,1406,2.0,100.0,0,0,207
203000,7,1274,2,1274,2,2005,2007,80.0,0,925,2.0,68.0,264,0,98
333168,9,2599,3,1393,2,1999,1999,165.0,1,0,2.0,108.0,668,1177,30
119000,4,948,1,948,1,1954,1954,0.0,1,732,1.0,60.0,0,0,36
206900,6,2112,2,952,2,1969,1969,0.0,2,500,1.0,85.0,280,1020,0
295493,8,1630,3,1622,2,2008,2008,270.0,1,0,2.0,61.0,172,0,42
208900,7,1352,2,1352,2,2006,2007,0.0,1,0,2.0,47.0,0,0,241
111000,4,948,1,864,1,1954,1954,132.0,0,492,2.0,75.0,0,0,0
156500,6,1478,2,1478,1,1957,1957,0.0,2,189,1.0,70.0,114,0,0
190000,7,1923,2,750,2,1992,1992,0.0,1,674,2.0,107.0,240,862,39
147000,8,1795,3,1795,2,2006,2007,428.0,1,0,2.0,75.0,0,0,49
130500,5,816,1,816,1,1982,2008,0.0,1,641,1.0,60.0,0,0,0
256000,6,2792,2,1510,2,1920,1950,0.0,2,493,0.0,60.0,0,1208,547
176500,7,1632,2,935,2,1998,1998,0.0,1,0,2.0,63.0,0,677,28
227000,8,1588,3,1588,2,2006,2006,410.0,1,0,2.0,85.0,144,0,45
132500,5,954,2,911,1,1976,1976,0.0,0,483,1.0,55.0,0,0,0
100000,4,816,1,816,1,1938,1958,0.0,1,690,1.0,67.0,0,0,0
125500,5,1360,1,803,1,1938,1995,0.0,0,0,1.0,60.0,0,557,65
125000,5,1365,2,765,1,1970,1970,312.0,0,765,1.0,24.0,0,600,36
167900,6,1334,2,1350,2,1977,1977,360.0,1,686,1.0,80.0,0,0,16
135000,5,1656,2,1656,2,1973,1973,564.0,0,0,1.0,87.0,0,0,211
200000,7,1861,2,916,2,2002,2002,0.0,0,700,2.0,95.0,146,941,91
128500,5,864,1,864,1,1972,1972,0.0,0,360,1.0,120.0,0,0,0
123000,4,872,4,858,1,1971,1971,0.0,0,0,1.0,70.0,0,0,0
155000,6,1114,2,1114,1,2003,2004,0.0,0,814,2.0,66.0,0,0,78
177000,6,1913,2,896,1,1928,1950,0.0,1,0,0.0,57.0,0,741,0
155835,7,1456,2,728,2,2006,2006,0.0,1,0,2.0,85.0,0,728,0
108500,4,960,1,960,1,1920,1950,0.0,0,250,2.0,50.0,0,0,0
283463,8,1776,3,1732,2,2006,2007,100.0,1,80,2.0,93.0,0,0,0
200000,5,2634,4,1248,2,1969,1969,368.0,0,500,1.0,91.0,0,1296,0
171000,6,1716,2,858,1,1962,1962,318.0,1,319,1.0,70.0,0,858,84
134900,6,1176,2,698,1,1937,2000,0.0,0,0,0.0,50.0,210,390,0
410000,8,3238,3,2033,2,1995,1996,579.0,1,816,2.0,56.0,283,1185,86
170000,7,1920,2,570,3,1968,1992,143.0,1,0,1.0,102.0,0,698,98
315000,9,1980,3,1980,2,2004,2005,66.0,1,1447,2.0,129.0,194,0,45
189000,5,2601,2,612,3,1921,1998,0.0,0,0,0.0,51.0,183,1611,0
260000,7,1530,2,1530,2,2005,2005,16.0,1,1274,2.0,124.0,168,0,36
156932,6,1412,2,616,2,2006,2007,0.0,1,0,2.0,73.0,0,796,36
144152,7,1200,2,600,2,2005,2005,0.0,0,0,2.0,30.0,0,600,166
193000,7,1790,2,873,2,1999,1999,158.0,0,633,2.0,68.0,0,908,88
127000,5,1475,1,757,2,1977,1977,0.0,1,548,2.0,41.0,104,550,26
232000,8,1668,2,1657,2,2003,2003,171.0,1,370,2.0,48.0,0,0,262
105000,4,1374,1,840,1,1920,1950,0.0,0,315,2.0,90.0,0,534,0
165500,6,1661,1,992,1,1955,1996,0.0,1,831,1.0,80.0,0,0,28
274300,7,2097,2,1108,2,1998,1998,0.0,1,975,2.0,75.0,253,989,170
250000,7,1958,3,1026,2,2005,2005,0.0,1,0,2.0,85.0,154,932,210
239000,8,1571,3,1571,2,2007,2007,80.0,1,0,2.0,89.0,100,0,36
91000,6,790,1,768,1,1930,1950,0.0,0,384,0.0,52.0,0,0,141
117000,5,1604,2,984,2,1941,1960,0.0,0,408,1.0,60.0,0,620,68
83000,6,987,1,483,1,1973,1973,408.0,0,309,1.0,21.0,72,504,0
167500,5,1394,2,384,2,2006,2007,0.0,0,0,2.0,73.0,100,640,0
58500,3,864,1,864,1,1914,1950,0.0,0,203,0.0,45.0,0,0,0
157000,7,1762,2,596,1,1920,1950,0.0,0,0,0.0,60.0,36,764,0
105000,6,1258,1,560,1,1939,1950,0.0,0,204,0.0,60.0,0,560,0
125500,4,1154,1,796,1,1922,2007,0.0,0,735,0.0,40.0,0,358,96
250000,7,2784,2,1392,3,1978,1978,184.0,2,790,1.0,80.0,0,1392,112
136000,6,2526,1,714,2,1916,1950,0.0,1,168,0.0,60.0,88,862,15
377500,9,1746,3,1746,2,2006,2007,160.0,2,1320,2.0,42.0,201,0,39
131000,6,1218,2,735,1,1941,1950,0.0,1,375,0.0,60.0,0,349,0
235000,7,1525,2,1525,2,2000,2000,244.0,0,1400,2.0,70.0,219,0,36
124000,5,1584,3,1584,2,1967,1967,0.0,0,0,1.0,65.0,0,0,152
123000,5,900,1,864,1,1967,1967,0.0,1,769,1.0,68.0,175,0,144
163000,6,1912,2,482,2,1905,2000,0.0,1,0,0.0,60.0,0,691,25
246578,7,1500,3,1356,2,2006,2006,45.0,1,1070,2.0,53.0,161,0,20
281213,8,2482,3,1094,2,2005,2006,245.0,1,0,2.0,88.0,144,1349,39
137500,5,1513,1,939,1,1920,2004,0.0,0,0,0.0,51.0,24,574,0
138000,5,1904,1,1208,1,1950,1982,0.0,0,180,1.0,60.0,0,768,0
137450,6,1608,1,976,2,1925,1990,0.0,1,264,0.0,51.0,147,448,16
120000,6,1158,1,862,1,1929,1950,0.0,1,0,0.0,50.0,0,208,0
193000,6,1593,2,839,2,2004,2004,0.0,1,759,2.0,62.0,100,729,75
193879,7,1294,2,1286,2,2006,2006,0.0,1,0,2.0,64.0,168,0,55
282922,8,1464,3,1485,2,2007,2007,84.0,0,929,2.0,49.0,168,0,160
105000,3,1214,3,672,1,1915,1950,0.0,0,0,2.0,60.0,216,520,0
275000,8,1646,2,1594,2,2004,2005,174.0,1,1373,2.0,44.0,128,0,53
133000,5,768,2,768,1,1972,2007,0.0,0,656,1.0,70.0,58,0,0
125500,4,1363,2,622,1,1910,1950,0.0,0,0,1.0,60.0,0,622,0
215000,7,2093,2,791,2,1986,1991,123.0,1,0,1.0,46.0,364,857,63
230000,7,1840,2,944,2,2001,2001,0.0,0,666,2.0,79.0,0,896,45
140000,6,1668,1,856,1,1950,2005,0.0,0,120,1.0,80.0,0,556,0
90000,4,1040,2,0,2,1949,1950,0.0,0,0,3.0,60.0,0,0,0
257000,8,1844,2,1844,2,2005,2006,366.0,1,976,2.0,88.0,165,0,44
207000,6,1848,2,833,1,1923,2000,0.0,1,0,0.0,64.0,0,795,0
175900,7,1569,3,1386,2,2007,2007,130.0,1,988,2.0,51.0,143,0,20
122500,4,2290,2,777,2,1885,1950,0.0,0,0,2.0,60.0,0,1044,0
124000,5,1144,1,1144,1,1963,1963,0.0,0,25,1.0,71.0,0,0,88
179900,6,1416,2,708,2,1968,1968,420.0,1,404,1.0,90.0,0,708,169
127500,6,1069,2,1069,2,1977,1977,0.0,1,360,1.0,53.0,0,0,55
136500,6,848,2,848,1,2003,2003,170.0,0,686,2.0,37.0,140,0,0
142000,6,1252,2,1252,1,1959,1959,243.0,0,0,1.0,80.0,0,0,39
271000,7,2127,2,1223,2,1994,1994,448.0,2,1000,2.0,81.0,171,904,132
140000,5,1558,1,913,1,1945,1950,0.0,1,580,1.0,60.0,0,510,0
119000,5,804,1,788,1,1940,1992,294.0,2,510,1.0,60.0,0,0,0
192140,5,1838,2,732,2,2005,2005,0.0,1,0,2.0,60.0,100,1104,40
64500,4,968,1,656,2,1927,2007,0.0,0,0,0.0,60.0,0,0,0
186500,6,1792,2,936,2,2000,2000,318.0,1,0,2.0,93.0,0,830,0
160000,5,1126,2,1126,2,1977,1977,0.0,1,936,1.0,80.0,295,0,41
174000,6,1537,2,1319,1,1962,2005,237.0,1,0,1.0,80.0,0,0,36
120500,4,864,2,864,1,1971,1971,0.0,0,616,2.0,60.0,0,0,0
394617,8,1932,3,1932,2,2008,2008,426.0,1,1336,2.0,96.0,0,0,66
149700,6,1236,2,912,1,1957,1996,0.0,0,600,1.0,90.0,0,0,158
197000,7,1725,2,539,2,1979,1979,96.0,1,315,1.0,80.0,0,685,88
191000,6,2555,2,588,2,1922,1994,0.0,1,0,0.0,79.0,431,748,0
310000,10,2007,3,1017,2,2008,2008,160.0,1,765,2.0,85.0,168,981,52
179600,7,1422,2,1422,2,2004,2004,106.0,0,0,2.0,63.0,192,0,60
129000,6,913,1,814,1,1966,1966,0.0,0,187,1.0,70.0,0,0,0
240000,8,2090,2,1220,2,1995,1996,438.0,1,1079,2.0,80.0,0,870,65
112000,4,1346,1,560,1,1910,2000,0.0,0,0,1.0,70.0,168,550,24
287090,8,1578,3,1573,2,2008,2009,194.0,1,0,2.0,78.0,0,0,36
145000,5,1072,2,547,1,2005,2005,80.0,0,547,2.0,35.0,0,0,28
185000,7,1221,2,1221,2,2004,2005,0.0,0,410,2.0,62.0,0,0,113
175000,6,1647,2,953,2,1999,2000,0.0,1,0,2.0,62.0,0,694,40
210000,6,2073,2,1542,2,1978,1988,119.0,2,790,1.0,85.0,349,0,0
266500,7,2340,1,1152,2,1941,2006,0.0,2,275,4.0,66.0,0,1152,60
142125,5,1078,1,1078,1,1950,1996,0.0,0,49,1.0,68.0,366,0,0
147500,5,1256,1,1256,1,1965,1965,0.0,0,830,1.0,75.0,736,0,68
